sample_id	flat_name	abundance_column	abundance_basename	habitat_class	habitat_label	habitat_order	selection_rank	selection_stage	minimum_distance_to_earlier_selection_km	eligible_distinct_10km_cells	project_id	sampling_date	latitude	longitude	cell.10km	cell.1km	coords_reliable	mfd_sampletype	mfd_areatype	mfd_hab1	mfd_hab2	mfd_hab3	sitename	habitat_typenumber	accession	sampling_comment	selection_rule
MFD12482	LIB-MJ382-A11_02.fastq.gz	/projects/microflora_danica/data/sequencing/data_flat/trimmed/LIB-MJ382-A11_02_R1.fastq.gz	LIB-MJ382-A11_02_R1.fastq.gz	agriculture_fields_soil	Agricultural field soil	1	1	nearest-to-class-centroid seed	0	88	P04_8	2023-01-27	56.295562031	9.919308425	10kmE431N368	1kmE4315N3688	Yes	Soil	Agriculture	Fields				6000	SAMN39874837		published abundance column; reliable coordinates; first sample_id per habitat-class x 10-km cell; centroid seed then deterministic geographic maximin selection; sample_id tie-break
MFD00547	LIB-MJ051-B4_02.fastq.gz	/projects/microflora_danica/data/sequencing/data_flat/trimmed/LIB-MJ051-B4_02_R1.fastq.gz	LIB-MJ051-B4_02_R1.fastq.gz	agriculture_fields_soil	Agricultural field soil	1	2	maximise minimum great-circle distance	218.518809442292	88	P02_1	2015-07-30	54.9927	12.5269	10kmE448N354	1kmE4482N3545	Yes	Soil	Agriculture	Fields	Poales, grass	Permanent grass, Low yield	sømarke	6233	SAMN39865419		published abundance column; reliable coordinates; first sample_id per habitat-class x 10-km cell; centroid seed then deterministic geographic maximin selection; sample_id tie-break
MFD00553	LIB-MJ055-A7_04.fastq.gz	/projects/microflora_danica/data/sequencing/data_flat/trimmed/LIB-MJ055-A7_04_R1.fastq.gz	LIB-MJ055-A7_04_R1.fastq.gz	agriculture_fields_soil	Agricultural field soil	1	3	maximise minimum great-circle distance	154.409210427481	88	P02_1	2015-08-05	54.9754	9.1562	10kmE426N354	1kmE4266N3541	Yes	Soil	Agriculture	Fields	Poales, grass		vollerup	6200	SAMN39865425		published abundance column; reliable coordinates; first sample_id per habitat-class x 10-km cell; centroid seed then deterministic geographic maximin selection; sample_id tie-break
MFD00251	LIB-MJ044-E5_03.fastq.gz	/projects/microflora_danica/data/sequencing/data_flat/trimmed/LIB-MJ044-E5_03_R1.fastq.gz	LIB-MJ044-E5_03_R1.fastq.gz	agriculture_fields_soil	Agricultural field soil	1	4	maximise minimum great-circle distance	143.267508391858	88	P01_1	2014-11-18	57.581	10.0803	10kmE432N383	1kmE4325N3830	Yes	Soil	Agriculture	Fields	Poales, grass	Permanent grass, Low yield	uggerby skovvej	6233	SAMN39865125		published abundance column; reliable coordinates; first sample_id per habitat-class x 10-km cell; centroid seed then deterministic geographic maximin selection; sample_id tie-break
MFD00565	LIB-MJ093-H1_02.fastq.gz	/projects/microflora_danica/data/sequencing/data_flat/trimmed/LIB-MJ093-H1_02_R1.fastq.gz	LIB-MJ093-H1_02_R1.fastq.gz	agriculture_fields_soil	Agricultural field soil	1	5	maximise minimum great-circle distance	111.975343821625	88	P02_1	2015-07-15	56.7744	8.3127	10kmE421N374	1kmE4217N3742	Yes	Soil	Agriculture	Fields			sydthy (midt)	6000	SAMN39865437		published abundance column; reliable coordinates; first sample_id per habitat-class x 10-km cell; centroid seed then deterministic geographic maximin selection; sample_id tie-break
MFD00285	LIB-MJ055-B4_04.fastq.gz	/projects/microflora_danica/data/sequencing/data_flat/trimmed/LIB-MJ055-B4_04_R1.fastq.gz	LIB-MJ055-B4_04_R1.fastq.gz	agriculture_fields_soil	Agricultural field soil	1	6	maximise minimum great-circle distance	108.885905920645	88	P01_1	2014-11-11	55.795	8.2128	10kmE420N363	1kmE4208N3633	Yes	Soil	Agriculture	Fields	Poales, grass	Grass for crop, Ryegrass	lønne	6212	SAMN39865159		published abundance column; reliable coordinates; first sample_id per habitat-class x 10-km cell; centroid seed then deterministic geographic maximin selection; sample_id tie-break
MFD00539	LIB-MJ044-G9_03.fastq.gz	/projects/microflora_danica/data/sequencing/data_flat/trimmed/LIB-MJ044-G9_03_R1.fastq.gz	LIB-MJ044-G9_03_R1.fastq.gz	agriculture_fields_soil	Agricultural field soil	1	7	maximise minimum great-circle distance	102.908248430407	88	P02_1	2015-07-29	55.8942	12.1579	10kmE445N364	1kmE4456N3645	Yes	Soil	Agriculture	Fields	Fallow		strø	6900	SAMN39865411		published abundance column; reliable coordinates; first sample_id per habitat-class x 10-km cell; centroid seed then deterministic geographic maximin selection; sample_id tie-break
MFD00318	LIB-MJ051-A6_02.fastq.gz	/projects/microflora_danica/data/sequencing/data_flat/trimmed/LIB-MJ051-A6_02_R1.fastq.gz	LIB-MJ051-A6_02_R1.fastq.gz	agriculture_fields_soil	Agricultural field soil	1	8	maximise minimum great-circle distance	77.5216383648456	88	P01_1	2014-11-04	55.6104	9.6892	10kmE430N361	1kmE4301N3611	Yes	Soil	Agriculture	Fields	Poales, grass	Permanent grass, Low yield	brøndsted fælled	6233	SAMN39865192		published abundance column; reliable coordinates; first sample_id per habitat-class x 10-km cell; centroid seed then deterministic geographic maximin selection; sample_id tie-break
MFD10081	LIB-MJ282-B12_03.fastq.gz	/projects/microflora_danica/data/sequencing/data_flat/trimmed/LIB-MJ282-B12_03_R1.fastq.gz	LIB-MJ282-B12_03_R1.fastq.gz	agriculture_fields_soil	Agricultural field soil	1	9	maximise minimum great-circle distance	73.5279132799972	88	P04_7	2021-11-01	56.965	9.6356	10kmE429N376	1kmE4298N3762	Yes	Soil	Agriculture	Fields	Mixed crops	Legume mix	nibe	6861	SAMN39874081		published abundance column; reliable coordinates; first sample_id per habitat-class x 10-km cell; centroid seed then deterministic geographic maximin selection; sample_id tie-break
MFD00360	LIB-MJ055-D5_04.fastq.gz	/projects/microflora_danica/data/sequencing/data_flat/trimmed/LIB-MJ055-D5_04_R1.fastq.gz	LIB-MJ055-D5_04_R1.fastq.gz	agriculture_fields_soil	Agricultural field soil	1	10	maximise minimum great-circle distance	71.5980613928726	88	P01_1	2014-10-28	54.7545	11.4872	10kmE441N351	1kmE4416N3517	Yes	Soil	Agriculture	Fields			bursø	6000	SAMN39865234		published abundance column; reliable coordinates; first sample_id per habitat-class x 10-km cell; centroid seed then deterministic geographic maximin selection; sample_id tie-break
MFD00347	LIB-MJ054-H5_03.fastq.gz	/projects/microflora_danica/data/sequencing/data_flat/trimmed/LIB-MJ054-H5_03_R1.fastq.gz	LIB-MJ054-H5_03_R1.fastq.gz	agriculture_fields_soil	Agricultural field soil	1	11	maximise minimum great-circle distance	69.2119301675257	88	P01_1	2014-10-21	55.3801	11.5362	10kmE441N358	1kmE4418N3587	Yes	Soil	Agriculture	Fields	Poales, grass	Permanent grass, Low yield	kongskilde friluftsgård	6233	SAMN39865221		published abundance column; reliable coordinates; first sample_id per habitat-class x 10-km cell; centroid seed then deterministic geographic maximin selection; sample_id tie-break
MFD12521	LIB-MJ381-H5_02.fastq.gz	/projects/microflora_danica/data/sequencing/data_flat/trimmed/LIB-MJ381-H5_02_R1.fastq.gz	LIB-MJ381-H5_02_R1.fastq.gz	agriculture_fields_soil	Agricultural field soil	1	12	maximise minimum great-circle distance	63.0215981565228	88	P04_8	2023-01-27	55.862816129	10.590554604	10kmE435N364	1kmE4357N3640	Yes	Soil	Agriculture	Fields	Poales, Cereal	Wheat		6120	SAMN39874874		published abundance column; reliable coordinates; first sample_id per habitat-class x 10-km cell; centroid seed then deterministic geographic maximin selection; sample_id tie-break
MFD12515	LIB-MJ383-B1_01.fastq.gz	/projects/microflora_danica/data/sequencing/data_flat/trimmed/LIB-MJ383-B1_01_R1.fastq.gz	LIB-MJ383-B1_01_R1.fastq.gz	agriculture_fields_soil	Agricultural field soil	1	13	maximise minimum great-circle distance	57.0394215178824	88	P04_8	2023-01-27	56.400809759	10.825314167	10kmE437N370	1kmE4372N3700	Yes	Soil	Agriculture	Fields	Poales, grass	Grass for crop		6210	SAMN39874868		published abundance column; reliable coordinates; first sample_id per habitat-class x 10-km cell; centroid seed then deterministic geographic maximin selection; sample_id tie-break
MFD00274	LIB-MJ048-F7_04.fastq.gz	/projects/microflora_danica/data/sequencing/data_flat/trimmed/LIB-MJ048-F7_04_R1.fastq.gz	LIB-MJ048-F7_04_R1.fastq.gz	agriculture_fields_soil	Agricultural field soil	1	14	maximise minimum great-circle distance	53.8025909313287	88	P01_1	2014-11-12	56.2949	8.1952	10kmE420N368	1kmE4209N3689	Yes	Soil	Agriculture	Fields			sønderbyvej	6000	SAMN39865148		published abundance column; reliable coordinates; first sample_id per habitat-class x 10-km cell; centroid seed then deterministic geographic maximin selection; sample_id tie-break
MFD12471	LIB-MJ384-C12_01.fastq.gz	/projects/microflora_danica/data/sequencing/data_flat/trimmed/LIB-MJ384-C12_01_R1.fastq.gz	LIB-MJ384-C12_01_R1.fastq.gz	agriculture_fields_soil	Agricultural field soil	1	15	maximise minimum great-circle distance	48.5915146689894	88	P04_8	2023-01-27	55.806306612	8.995875634	10kmE425N363	1kmE4258N3634	Yes	Soil	Agriculture	Fields	Fallow	Uncultivated		6990	SAMN39874826		published abundance column; reliable coordinates; first sample_id per habitat-class x 10-km cell; centroid seed then deterministic geographic maximin selection; sample_id tie-break
MFD12411	LIB-MJ384-G1_01.fastq.gz	/projects/microflora_danica/data/sequencing/data_flat/trimmed/LIB-MJ384-G1_01_R1.fastq.gz	LIB-MJ384-G1_01_R1.fastq.gz	agriculture_fields_soil	Agricultural field soil	1	16	maximise minimum great-circle distance	44.8988223592362	88	P04_8	2023-01-27	56.672972097	10.179268033	10kmE433N373	1kmE4331N3730	Yes	Soil	Agriculture	Fields				6000	SAMN39874766		published abundance column; reliable coordinates; first sample_id per habitat-class x 10-km cell; centroid seed then deterministic geographic maximin selection; sample_id tie-break
MFD00532	LIB-MJ044-A6_03.fastq.gz	/projects/microflora_danica/data/sequencing/data_flat/trimmed/LIB-MJ044-A6_03_R1.fastq.gz	LIB-MJ044-A6_03_R1.fastq.gz	agriculture_fields_soil	Agricultural field soil	1	17	maximise minimum great-circle distance	40.4829687957045	88	P02_1	2015-07-14	56.6699	8.9483	10kmE425N373	1kmE4256N3730	Yes	Soil	Agriculture	Fields	Poales, grass	Permanent grass, Low yield	oddense	6233	SAMN39865404		published abundance column; reliable coordinates; first sample_id per habitat-class x 10-km cell; centroid seed then deterministic geographic maximin selection; sample_id tie-break
MFD12457	LIB-MJ388-C11_02.fastq.gz	/projects/microflora_danica/data/sequencing/data_flat/trimmed/LIB-MJ388-C11_02_R1.fastq.gz	LIB-MJ388-C11_02_R1.fastq.gz	agriculture_fields_soil	Agricultural field soil	1	18	maximise minimum great-circle distance	40.4284178719526	88	P04_8	2023-01-27	55.989275201	9.567669224	10kmE429N365	1kmE4293N3654	Yes	Soil	Agriculture	Fields	Poales, Cereal	Wheat		6120	SAMN39874812		published abundance column; reliable coordinates; first sample_id per habitat-class x 10-km cell; centroid seed then deterministic geographic maximin selection; sample_id tie-break
MFD00567	LIB-MJ091-H1_03.fastq.gz	/projects/microflora_danica/data/sequencing/data_flat/trimmed/LIB-MJ091-H1_03_R1.fastq.gz	LIB-MJ091-H1_03_R1.fastq.gz	agriculture_fields_soil	Agricultural field soil	1	19	maximise minimum great-circle distance	38.0725576504858	88	P04_2	2019-12-09	55.4702	9.1116	10kmE426N359	1kmE4264N3596	Yes	Soil	Agriculture	Fields	Mixed crops	Cereal mix, Legume plants	askov	6816	SAMN39865439		published abundance column; reliable coordinates; first sample_id per habitat-class x 10-km cell; centroid seed then deterministic geographic maximin selection; sample_id tie-break
MFD00512	LIB-MJ044-C2_03.fastq.gz	/projects/microflora_danica/data/sequencing/data_flat/trimmed/LIB-MJ044-C2_03_R1.fastq.gz	LIB-MJ044-C2_03_R1.fastq.gz	agriculture_fields_soil	Agricultural field soil	1	20	maximise minimum great-circle distance	36.4175694180019	88	P02_1	2015-07-13	57.2748	9.8313	10kmE431N379	1kmE4310N3796	Yes	Soil	Agriculture	Fields	Poales, grass		ingstrup sø	6200	SAMN39865384		published abundance column; reliable coordinates; first sample_id per habitat-class x 10-km cell; centroid seed then deterministic geographic maximin selection; sample_id tie-break
MFD00530	LIB-MJ054-B8_03.fastq.gz	/projects/microflora_danica/data/sequencing/data_flat/trimmed/LIB-MJ054-B8_03_R1.fastq.gz	LIB-MJ054-B8_03_R1.fastq.gz	agriculture_fields_soil	Agricultural field soil	1	21	maximise minimum great-circle distance	32.2142678558913	88	P02_1	2015-07-22	56.0328	8.6735	10kmE423N365	1kmE4238N3659	Yes	Soil	Agriculture	Fields	Mixed crops	Catch crop, Fodder radish, Flower	nr. virum	6841	SAMN39865402		published abundance column; reliable coordinates; first sample_id per habitat-class x 10-km cell; centroid seed then deterministic geographic maximin selection; sample_id tie-break
MFD03553	LIB-MJ109-H9_01.fastq.gz	/projects/microflora_danica/data/sequencing/data_flat/trimmed/LIB-MJ109-H9_01_R1.fastq.gz	LIB-MJ109-H9_01_R1.fastq.gz	agriculture_fields_soil	Agricultural field soil	1	22	maximise minimum great-circle distance	31.0759472798114	88	P04_4	2020-10-09	56.4937	9.5632	10kmE429N371	1kmE4294N3710	Yes	Soil	Agriculture	Fields	Poales, Cereal	Barley, Spring	Foulum	6141	SAMN39867964		published abundance column; reliable coordinates; first sample_id per habitat-class x 10-km cell; centroid seed then deterministic geographic maximin selection; sample_id tie-break
MFD12505	LIB-MJ390-C4_03.fastq.gz	/projects/microflora_danica/data/sequencing/data_flat/trimmed/LIB-MJ390-C4_03_R1.fastq.gz	LIB-MJ390-C4_03_R1.fastq.gz	agriculture_fields_soil	Agricultural field soil	1	23	maximise minimum great-circle distance	30.5696071305005	88	P04_8	2023-01-27	56.132840619	10.498205213	10kmE435N367	1kmE4351N3670	Yes	Soil	Agriculture	Fields	Fallow	Uncultivated		6990	SAMN39874858		published abundance column; reliable coordinates; first sample_id per habitat-class x 10-km cell; centroid seed then deterministic geographic maximin selection; sample_id tie-break
MFD12452	LIB-MJ380-C5_03.fastq.gz	/projects/microflora_danica/data/sequencing/data_flat/trimmed/LIB-MJ380-C5_03_R1.fastq.gz	LIB-MJ380-C5_03_R1.fastq.gz	agriculture_fields_soil	Agricultural field soil	1	24	maximise minimum great-circle distance	29.7034609658407	88	P04_8	2023-01-27	56.240279824	9.403723581	10kmE428N368	1kmE4283N3682	Yes	Soil	Agriculture	Fields	Fallow	Uncultivated		6990	SAMN39874807		published abundance column; reliable coordinates; first sample_id per habitat-class x 10-km cell; centroid seed then deterministic geographic maximin selection; sample_id tie-break
MFD12491	LIB-MJ382-A3_02.fastq.gz	/projects/microflora_danica/data/sequencing/data_flat/trimmed/LIB-MJ382-A3_02_R1.fastq.gz	LIB-MJ382-A3_02_R1.fastq.gz	agriculture_fields_soil	Agricultural field soil	1	25	maximise minimum great-circle distance	28.1650303213252	88	P04_8	2023-01-27	56.438860328	10.372559581	10kmE434N370	1kmE4343N3704	Yes	Soil	Agriculture	Fields	Superasterids	Caryophyllales, Beetroot 		6513	SAMN39874846		published abundance column; reliable coordinates; first sample_id per habitat-class x 10-km cell; centroid seed then deterministic geographic maximin selection; sample_id tie-break
MFD12465	LIB-MJ388-F4_02.fastq.gz	/projects/microflora_danica/data/sequencing/data_flat/trimmed/LIB-MJ388-F4_02_R1.fastq.gz	LIB-MJ388-F4_02_R1.fastq.gz	agriculture_fields_soil	Agricultural field soil	1	26	maximise minimum great-circle distance	27.8852985760857	88	P04_8	2023-01-27	55.990003648	10.016012436	10kmE432N365	1kmE4322N3654	Yes	Soil	Agriculture	Fields	Poales, Cereal	Wheat		6120	SAMN39874820		published abundance column; reliable coordinates; first sample_id per habitat-class x 10-km cell; centroid seed then deterministic geographic maximin selection; sample_id tie-break
MFD03575	LIB-MJ109-E10_01.fastq.gz	/projects/microflora_danica/data/sequencing/data_flat/trimmed/LIB-MJ109-E10_01_R1.fastq.gz	LIB-MJ109-E10_01_R1.fastq.gz	agriculture_fields_soil	Agricultural field soil	1	27	maximise minimum great-circle distance	26.2478741833367	88	P04_4	2020-09-30	57.4384	10.4305	10kmE434N381	1kmE4346N3815	Yes	Soil	Agriculture	Fields	Asterids	Solanales, Potato, Starch	Favrholt	6422	SAMN39867980		published abundance column; reliable coordinates; first sample_id per habitat-class x 10-km cell; centroid seed then deterministic geographic maximin selection; sample_id tie-break
MFD03559	LIB-MJ109-D11_01.fastq.gz	/projects/microflora_danica/data/sequencing/data_flat/trimmed/LIB-MJ109-D11_01_R1.fastq.gz	LIB-MJ109-D11_01_R1.fastq.gz	agriculture_fields_soil	Agricultural field soil	1	28	maximise minimum great-circle distance	25.4878598204295	88	P04_4	2020-10-09	56.7196	9.6338	10kmE429N373	1kmE4298N3735	Yes	Soil	Agriculture	Fields	Poales, Cereal	Rye, Winter	Nørager	6153	SAMN39867968		published abundance column; reliable coordinates; first sample_id per habitat-class x 10-km cell; centroid seed then deterministic geographic maximin selection; sample_id tie-break
MFD12402	LIB-MJ388-H2_02.fastq.gz	/projects/microflora_danica/data/sequencing/data_flat/trimmed/LIB-MJ388-H2_02_R1.fastq.gz	LIB-MJ388-H2_02_R1.fastq.gz	agriculture_fields_soil	Agricultural field soil	1	29	maximise minimum great-circle distance	20.5622686334926	88	P04_8	2023-01-27	56.511301836	10.016228613	10kmE432N371	1kmE4321N3712	Yes	Soil	Agriculture	Fields	Poales, grass	Grass for crop		6210	SAMN39874757		published abundance column; reliable coordinates; first sample_id per habitat-class x 10-km cell; centroid seed then deterministic geographic maximin selection; sample_id tie-break
MFD12524	LIB-MJ385-C6_04.fastq.gz	/projects/microflora_danica/data/sequencing/data_flat/trimmed/LIB-MJ385-C6_04_R1.fastq.gz	LIB-MJ385-C6_04_R1.fastq.gz	agriculture_fields_soil	Agricultural field soil	1	30	maximise minimum great-circle distance	19.7505225251759	88	P04_8	2023-01-27	56.259344064	10.274096332	10kmE433N368	1kmE4337N3684	Yes	Soil	Agriculture	Fields	Poales, Cereal	Wheat		6120	SAMN39874877		published abundance column; reliable coordinates; first sample_id per habitat-class x 10-km cell; centroid seed then deterministic geographic maximin selection; sample_id tie-break
MFD12498	LIB-MJ388-D6_02.fastq.gz	/projects/microflora_danica/data/sequencing/data_flat/trimmed/LIB-MJ388-D6_02_R1.fastq.gz	LIB-MJ388-D6_02_R1.fastq.gz	agriculture_fields_soil	Agricultural field soil	1	31	maximise minimum great-circle distance	17.0244515801207	88	P04_8	2023-01-27	56.312463226	10.532801993	10kmE435N369	1kmE4353N3690	Yes	Soil	Agriculture	Fields	Fallow	Uncultivated		6990	SAMN39874853		published abundance column; reliable coordinates; first sample_id per habitat-class x 10-km cell; centroid seed then deterministic geographic maximin selection; sample_id tie-break
MFD12462	LIB-MJ384-A5_01.fastq.gz	/projects/microflora_danica/data/sequencing/data_flat/trimmed/LIB-MJ384-A5_01_R1.fastq.gz	LIB-MJ384-A5_01_R1.fastq.gz	agriculture_fields_soil	Agricultural field soil	1	32	maximise minimum great-circle distance	16.0714021901666	88	P04_8	2023-01-27	56.061735558	9.791456575	10kmE430N366	1kmE4308N3662	Yes	Soil	Agriculture	Fields	Superasterids	Caryophyllales, Beetroot 		6513	SAMN39874817		published abundance column; reliable coordinates; first sample_id per habitat-class x 10-km cell; centroid seed then deterministic geographic maximin selection; sample_id tie-break
MFD12437	LIB-MJ380-D3_03.fastq.gz	/projects/microflora_danica/data/sequencing/data_flat/trimmed/LIB-MJ380-D3_03_R1.fastq.gz	LIB-MJ380-D3_03_R1.fastq.gz	agriculture_fields_soil	Agricultural field soil	1	33	maximise minimum great-circle distance	16.0705414265331	88	P04_8	2023-01-27	56.421249018	9.789519582	10kmE430N370	1kmE4307N3702	Yes	Soil	Agriculture	Fields	Poales, Cereal	Wheat		6120	SAMN39874792		published abundance column; reliable coordinates; first sample_id per habitat-class x 10-km cell; centroid seed then deterministic geographic maximin selection; sample_id tie-break
MFD12450	LIB-MJ383-F11_01.fastq.gz	/projects/microflora_danica/data/sequencing/data_flat/trimmed/LIB-MJ383-F11_01_R1.fastq.gz	LIB-MJ383-F11_01_R1.fastq.gz	agriculture_fields_soil	Agricultural field soil	1	34	maximise minimum great-circle distance	16.0574693897135	88	P04_8	2023-01-27	56.25919077	9.661411245	10kmE430N368	1kmE4300N3684	Yes	Soil	Agriculture	Fields	Poales, grass	Grass for crop		6210	SAMN39874805		published abundance column; reliable coordinates; first sample_id per habitat-class x 10-km cell; centroid seed then deterministic geographic maximin selection; sample_id tie-break
MFD12454	LIB-MJ381-C2_02.fastq.gz	/projects/microflora_danica/data/sequencing/data_flat/trimmed/LIB-MJ381-C2_02_R1.fastq.gz	LIB-MJ381-C2_02_R1.fastq.gz	agriculture_fields_soil	Agricultural field soil	1	35	maximise minimum great-circle distance	15.2132711595402	88	P04_8	2023-01-27	56.133073733	9.566077717	10kmE429N367	1kmE4294N3670	Yes	Soil	Agriculture	Fields				6000	SAMN39874809		published abundance column; reliable coordinates; first sample_id per habitat-class x 10-km cell; centroid seed then deterministic geographic maximin selection; sample_id tie-break
MFD12469	LIB-MJ381-E1_02.fastq.gz	/projects/microflora_danica/data/sequencing/data_flat/trimmed/LIB-MJ381-E1_02_R1.fastq.gz	LIB-MJ381-E1_02_R1.fastq.gz	agriculture_fields_soil	Agricultural field soil	1	36	maximise minimum great-circle distance	15.1774318858357	88	P04_8	2023-01-27	56.043704353	10.240516351	10kmE433N366	1kmE4336N3660	Yes	Soil	Agriculture	Fields	Poales, grass	Grass for crop		6210	SAMN39874824		published abundance column; reliable coordinates; first sample_id per habitat-class x 10-km cell; centroid seed then deterministic geographic maximin selection; sample_id tie-break
MFD00374	LIB-MJ054-C7_03.fastq.gz	/projects/microflora_danica/data/sequencing/data_flat/trimmed/LIB-MJ054-C7_03_R1.fastq.gz	LIB-MJ054-C7_03_R1.fastq.gz	agriculture_fields_soil	Agricultural field soil	1	37	maximise minimum great-circle distance	14.9173018714739	88	P01_1	2014-10-20	55.0242	12.2995	10kmE446N354	1kmE4468N3548	Yes	Soil	Agriculture	Fields	Poales, grass	Permanent grass, Low yield	hegnede bakke	6233	SAMN39865248		published abundance column; reliable coordinates; first sample_id per habitat-class x 10-km cell; centroid seed then deterministic geographic maximin selection; sample_id tie-break
MFD12473	LIB-MJ385-H11_04.fastq.gz	/projects/microflora_danica/data/sequencing/data_flat/trimmed/LIB-MJ385-H11_04_R1.fastq.gz	LIB-MJ385-H11_04_R1.fastq.gz	agriculture_fields_soil	Agricultural field soil	1	38	maximise minimum great-circle distance	14.5476872414232	88	P04_8	2023-01-27	56.169756176	9.983913799	10kmE432N367	1kmE4320N3674	Yes	Soil	Agriculture	Fields	Fallow	Uncultivated		6990	SAMN39874828		published abundance column; reliable coordinates; first sample_id per habitat-class x 10-km cell; centroid seed then deterministic geographic maximin selection; sample_id tie-break
MFD12414	LIB-MJ388-C5_02.fastq.gz	/projects/microflora_danica/data/sequencing/data_flat/trimmed/LIB-MJ388-C5_02_R1.fastq.gz	LIB-MJ388-C5_02_R1.fastq.gz	agriculture_fields_soil	Agricultural field soil	1	39	maximise minimum great-circle distance	14.5010120096577	88	P04_8	2023-01-27	56.637132027	9.951154481	10kmE431N372	1kmE4318N3726	Yes	Soil	Agriculture	Fields	Poales, Cereal	Wheat		6120	SAMN39874769		published abundance column; reliable coordinates; first sample_id per habitat-class x 10-km cell; centroid seed then deterministic geographic maximin selection; sample_id tie-break
MFD12486	LIB-MJ390-H3_03.fastq.gz	/projects/microflora_danica/data/sequencing/data_flat/trimmed/LIB-MJ390-H3_03_R1.fastq.gz	LIB-MJ390-H3_03_R1.fastq.gz	agriculture_fields_soil	Agricultural field soil	1	40	maximise minimum great-circle distance	13.3984754809865	88	P04_8	2023-01-27	56.367369057	10.177850793	10kmE433N369	1kmE4332N3696	Yes	Soil	Agriculture	Fields	Superasterids	Caryophyllales, Beetroot 		6513	SAMN39874841		published abundance column; reliable coordinates; first sample_id per habitat-class x 10-km cell; centroid seed then deterministic geographic maximin selection; sample_id tie-break
MFD00505	LIB-MJ044-G1_03.fastq.gz	/projects/microflora_danica/data/sequencing/data_flat/trimmed/LIB-MJ044-G1_03_R1.fastq.gz	LIB-MJ044-G1_03_R1.fastq.gz	agriculture_fields_soil	Agricultural field soil	1	41	maximise minimum great-circle distance	13.0750129074978	88	P02_1	2015-07-06	56.5368	10.2547	10kmE433N371	1kmE4336N3714	Yes	Soil	Agriculture	Fields	Poales, grass	Permanent grass, Low yield	holbæk sogn	6233	SAMN39865377		published abundance column; reliable coordinates; first sample_id per habitat-class x 10-km cell; centroid seed then deterministic geographic maximin selection; sample_id tie-break
MFD12440	LIB-MJ389-A1_03.fastq.gz	/projects/microflora_danica/data/sequencing/data_flat/trimmed/LIB-MJ389-A1_03_R1.fastq.gz	LIB-MJ389-A1_03_R1.fastq.gz	agriculture_fields_soil	Agricultural field soil	1	42	maximise minimum great-circle distance	12.6364226501236	88	P04_8	2023-01-27	56.348414166	9.466703629	10kmE428N369	1kmE4288N3694	Yes	Soil	Agriculture	Fields	Fabids	Fabales		6610	SAMN39874795		published abundance column; reliable coordinates; first sample_id per habitat-class x 10-km cell; centroid seed then deterministic geographic maximin selection; sample_id tie-break
MFD12522	LIB-MJ380-F11_03.fastq.gz	/projects/microflora_danica/data/sequencing/data_flat/trimmed/LIB-MJ380-F11_03_R1.fastq.gz	LIB-MJ380-F11_03_R1.fastq.gz	agriculture_fields_soil	Agricultural field soil	1	43	maximise minimum great-circle distance	12.635948960809	88	P04_8	2023-01-27	55.970940591	10.528159317	10kmE435N365	1kmE4354N3652	Yes	Soil	Agriculture	Fields				6000	SAMN39874875		published abundance column; reliable coordinates; first sample_id per habitat-class x 10-km cell; centroid seed then deterministic geographic maximin selection; sample_id tie-break
MFD00249	LIB-MJ054-G11_03.fastq.gz	/projects/microflora_danica/data/sequencing/data_flat/trimmed/LIB-MJ054-G11_03_R1.fastq.gz	LIB-MJ054-G11_03_R1.fastq.gz	agriculture_fields_soil	Agricultural field soil	1	44	maximise minimum great-circle distance	11.6382452065126	88	P01_1	2014-11-18	57.5169	9.9261	10kmE431N382	1kmE4316N3823	Yes	Soil	Agriculture	Fields			kjærsgård	6000	SAMN39865123		published abundance column; reliable coordinates; first sample_id per habitat-class x 10-km cell; centroid seed then deterministic geographic maximin selection; sample_id tie-break
MFD03567	LIB-MJ109-G11_01.fastq.gz	/projects/microflora_danica/data/sequencing/data_flat/trimmed/LIB-MJ109-G11_01_R1.fastq.gz	LIB-MJ109-G11_01_R1.fastq.gz	agriculture_fields_soil	Agricultural field soil	1	45	maximise minimum great-circle distance	11.3172178800784	88	P04_4	2020-10-09	56.5425	9.7251	10kmE430N371	1kmE4304N3715	Yes	Soil	Agriculture	Fields	Poales, Cereal	Barley, Spring	Vorning	6141	SAMN39867972		published abundance column; reliable coordinates; first sample_id per habitat-class x 10-km cell; centroid seed then deterministic geographic maximin selection; sample_id tie-break
MFD04557	LIB-MJ174-A10_01.fastq.gz	/projects/microflora_danica/data/sequencing/data_flat/trimmed/LIB-MJ174-A10_01_R1.fastq.gz	LIB-MJ174-A10_01_R1.fastq.gz	natural_grassland_soil	Natural grassland soil	2	1	nearest-to-class-centroid seed	0	238	P08_1	2021-07-19	55.98421	10.13789	10kmE432N365	1kmE4329N3653	Yes	Soil	Natural	Grassland formations	Semi-natural dry grasslands		Odder	6200	SAMN39868903		published abundance column; reliable coordinates; first sample_id per habitat-class x 10-km cell; centroid seed then deterministic geographic maximin selection; sample_id tie-break
MFD06669	LIB-MJ301-D8_01.fastq.gz	/projects/microflora_danica/data/sequencing/data_flat/trimmed/LIB-MJ301-D8_01_R1.fastq.gz	LIB-MJ301-D8_01_R1.fastq.gz	natural_grassland_soil	Natural grassland soil	2	2	maximise minimum great-circle distance	324.606679031421	238	P08_5	2021-07-10	55.151751	15.087802	10kmE464N357	1kmE4645N3572	Yes	Soil	Natural	Grassland formations	Semi-natural tall-herb humid meadows	Molinia meadows	Tidvis våd eng	6410	SAMN39870829		published abundance column; reliable coordinates; first sample_id per habitat-class x 10-km cell; centroid seed then deterministic geographic maximin selection; sample_id tie-break
MFD00160	LIB-MJ048-F1_04.fastq.gz	/projects/microflora_danica/data/sequencing/data_flat/trimmed/LIB-MJ048-F1_04_R1.fastq.gz	LIB-MJ048-F1_04_R1.fastq.gz	natural_grassland_soil	Natural grassland soil	2	3	maximise minimum great-circle distance	183.460294880495	238	P08_1	2019-09-16	57.63049	10.33736	10kmE434N383	1kmE4341N3836	Yes	Soil	Natural	Grassland formations	Semi-natural tall-herb humid meadows	Hydrophilous tall-herb swamp	4438-22	6430	SAMN39865088		published abundance column; reliable coordinates; first sample_id per habitat-class x 10-km cell; centroid seed then deterministic geographic maximin selection; sample_id tie-break
MFD01401	LIB-MJ197-A6_03.fastq.gz	/projects/microflora_danica/data/sequencing/data_flat/trimmed/LIB-MJ197-A6_03_R1.fastq.gz	LIB-MJ197-A6_03_R1.fastq.gz	natural_grassland_soil	Natural grassland soil	2	4	maximise minimum great-circle distance	175.930505298927	238	P08_1	2021-09-28	54.88367	12.1417	10kmE445N353	1kmE4458N3532	Yes	Soil	Natural	Grassland formations	Semi-natural dry grasslands	Calcareous grassland	Hårbølle 7	6210	SAMN39866330		published abundance column; reliable coordinates; first sample_id per habitat-class x 10-km cell; centroid seed then deterministic geographic maximin selection; sample_id tie-break
MFD00644	LIB-MJ139-C9_01.fastq.gz	/projects/microflora_danica/data/sequencing/data_flat/trimmed/LIB-MJ139-C9_01_R1.fastq.gz	LIB-MJ139-C9_01_R1.fastq.gz	natural_grassland_soil	Natural grassland soil	2	5	maximise minimum great-circle distance	143.467341156098	238	P08_1	2020-09-07	56.86179	8.42187	10kmE422N375	1kmE4224N3752	Yes	Soil	Natural	Grassland formations	Semi-natural dry grasslands	Species-rich Nardus upland grassland	5071-1	6230	SAMN39865512		published abundance column; reliable coordinates; first sample_id per habitat-class x 10-km cell; centroid seed then deterministic geographic maximin selection; sample_id tie-break
MFD04364	LIB-MJ195-G8_01.fastq.gz	/projects/microflora_danica/data/sequencing/data_flat/trimmed/LIB-MJ195-G8_01_R1.fastq.gz	LIB-MJ195-G8_01_R1.fastq.gz	natural_grassland_soil	Natural grassland soil	2	6	maximise minimum great-circle distance	136.791389929778	238	P08_1	2021-08-18	54.83722	9.35438	10kmE427N352	1kmE4279N3525	Yes	Soil	Natural	Grassland formations	Semi-natural dry grasslands		60 - mose	6200	SAMN39868718		published abundance column; reliable coordinates; first sample_id per habitat-class x 10-km cell; centroid seed then deterministic geographic maximin selection; sample_id tie-break
MFD04458	LIB-MJ175-A9_02_v_LIB-MJ368-A9_01.fastq.gz	/projects/microflora_danica/data/sequencing/data_flat/trimmed/LIB-MJ175-A9_02_v_LIB-MJ368-A9_01_R1.fastq.gz	LIB-MJ175-A9_02_v_LIB-MJ368-A9_01_R1.fastq.gz	natural_grassland_soil	Natural grassland soil	2	7	maximise minimum great-circle distance	132.849568377371	238	P08_1	2021-06-05	56.05624	12.54594	10kmE447N366	1kmE4479N3664	Yes	Soil	Natural	Grassland formations	Semi-natural tall-herb humid meadows	Molinia meadows	Hellebæk	6410	SAMN39868811		published abundance column; reliable coordinates; first sample_id per habitat-class x 10-km cell; centroid seed then deterministic geographic maximin selection; sample_id tie-break
MFD01431	LIB-MJ176-C6_03.fastq.gz	/projects/microflora_danica/data/sequencing/data_flat/trimmed/LIB-MJ176-C6_03_R1.fastq.gz	LIB-MJ176-C6_03_R1.fastq.gz	natural_grassland_soil	Natural grassland soil	2	8	maximise minimum great-circle distance	121.057273514029	238	P08_1	2021-07-27	55.72052	8.23694	10kmE421N362	1kmE4210N3625	Yes	Soil	Natural	Grassland formations	Semi-natural tall-herb humid meadows	Molinia meadows	551	6410	SAMN39866357		published abundance column; reliable coordinates; first sample_id per habitat-class x 10-km cell; centroid seed then deterministic geographic maximin selection; sample_id tie-break
MFD00060	LIB-MJ050-D1_02.fastq.gz	/projects/microflora_danica/data/sequencing/data_flat/trimmed/LIB-MJ050-D1_02_R1.fastq.gz	LIB-MJ050-D1_02_R1.fastq.gz	natural_grassland_soil	Natural grassland soil	2	9	maximise minimum great-circle distance	90.876162770402	238	P08_1	2019-07-23	56.83841	9.91584	10kmE431N374	1kmE4315N3748	Yes	Soil	Natural	Grassland formations	Semi-natural dry grasslands	Species-rich Nardus upland grassland	4586-14	6230	SAMN39864990		published abundance column; reliable coordinates; first sample_id per habitat-class x 10-km cell; centroid seed then deterministic geographic maximin selection; sample_id tie-break
MFD00641	LIB-MJ089-B3_02.fastq.gz	/projects/microflora_danica/data/sequencing/data_flat/trimmed/LIB-MJ089-B3_02_R1.fastq.gz	LIB-MJ089-B3_02_R1.fastq.gz	natural_grassland_soil	Natural grassland soil	2	10	maximise minimum great-circle distance	89.2378259112059	238	P08_1	2020-05-21	55.03432	10.70856	10kmE436N354	1kmE4366N3547	Yes	Soil	Natural	Grassland formations	Semi-natural dry grasslands	Species-rich Nardus upland grassland	Thurø	6230	SAMN39865509		published abundance column; reliable coordinates; first sample_id per habitat-class x 10-km cell; centroid seed then deterministic geographic maximin selection; sample_id tie-break
MFD00334	LIB-MJ054-A9_03.fastq.gz	/projects/microflora_danica/data/sequencing/data_flat/trimmed/LIB-MJ054-A9_03_R1.fastq.gz	LIB-MJ054-A9_03_R1.fastq.gz	natural_grassland_soil	Natural grassland soil	2	11	maximise minimum great-circle distance	76.6034302664321	238	P01_1	2014-10-23	55.736	11.283	10kmE440N362	1kmE4401N3626	Yes	Soil	Natural	Grassland formations	Semi-natural tall-herb humid meadows	Molinia meadows	eskebjerg vesterlyng	6410	SAMN39865208		published abundance column; reliable coordinates; first sample_id per habitat-class x 10-km cell; centroid seed then deterministic geographic maximin selection; sample_id tie-break
MFD00890	LIB-MJ148-B12_02.fastq.gz	/projects/microflora_danica/data/sequencing/data_flat/trimmed/LIB-MJ148-B12_02_R1.fastq.gz	LIB-MJ148-B12_02_R1.fastq.gz	natural_grassland_soil	Natural grassland soil	2	12	maximise minimum great-circle distance	72.6648539828535	238	P08_1	2020-09-15	55.49662	9.32387	10kmE427N359	1kmE4278N3599	Yes	Soil	Natural	Grassland formations	Semi-natural dry grasslands	Species-rich Nardus upland grassland	LUJ-Lunderskov-overdrev-75	6230	SAMN39865692		published abundance column; reliable coordinates; first sample_id per habitat-class x 10-km cell; centroid seed then deterministic geographic maximin selection; sample_id tie-break
MFD01287	LIB-MJ090-F6_04.fastq.gz	/projects/microflora_danica/data/sequencing/data_flat/trimmed/LIB-MJ090-F6_04_R1.fastq.gz	LIB-MJ090-F6_04_R1.fastq.gz	natural_grassland_soil	Natural grassland soil	2	13	maximise minimum great-circle distance	71.626988516219	238	P08_1	2020-04-22	56.44009	10.95625	10kmE438N370	1kmE4380N3704	Yes	Soil	Natural	Grassland formations	Semi-natural dry grasslands	Species-rich Nardus upland grassland	Grenå	6230	SAMN39866218		published abundance column; reliable coordinates; first sample_id per habitat-class x 10-km cell; centroid seed then deterministic geographic maximin selection; sample_id tie-break
MFD00440	LIB-MJ044-B10_03.fastq.gz	/projects/microflora_danica/data/sequencing/data_flat/trimmed/LIB-MJ044-B10_03_R1.fastq.gz	LIB-MJ044-B10_03_R1.fastq.gz	natural_grassland_soil	Natural grassland soil	2	14	maximise minimum great-circle distance	70.7934468355154	238	P01_2	2018-08-02	56.3041	9.1498	10kmE426N368	1kmE4268N3689	Yes	Soil	Natural	Grassland formations	Semi-natural tall-herb humid meadows	Molinia meadows	kølvrå mose	6410	SAMN39865313		published abundance column; reliable coordinates; first sample_id per habitat-class x 10-km cell; centroid seed then deterministic geographic maximin selection; sample_id tie-break
MFD00279	LIB-MJ055-D11_04.fastq.gz	/projects/microflora_danica/data/sequencing/data_flat/trimmed/LIB-MJ055-D11_04_R1.fastq.gz	LIB-MJ055-D11_04_R1.fastq.gz	natural_grassland_soil	Natural grassland soil	2	15	maximise minimum great-circle distance	56.7431735213441	238	P01_1	2014-11-12	56.2277	8.1362	10kmE420N368	1kmE4205N3681	Yes	Soil	Natural	Grassland formations	Semi-natural dry grasslands		klitvej	6233	SAMN39865153		published abundance column; reliable coordinates; first sample_id per habitat-class x 10-km cell; centroid seed then deterministic geographic maximin selection; sample_id tie-break
MFD02887	LIB-MJ132-H8_03.fastq.gz	/projects/microflora_danica/data/sequencing/data_flat/trimmed/LIB-MJ132-H8_03_R1.fastq.gz	LIB-MJ132-H8_03_R1.fastq.gz	natural_grassland_soil	Natural grassland soil	2	16	maximise minimum great-circle distance	55.312115368491	238	P08_1	2020-08-29	57.27953	10.99265	10kmE438N379	1kmE4380N3797	Yes	Soil	Natural	Grassland formations	Semi-natural tall-herb humid meadows	Molinia meadows	1096-104	6410	SAMN39867555		published abundance column; reliable coordinates; first sample_id per habitat-class x 10-km cell; centroid seed then deterministic geographic maximin selection; sample_id tie-break
MFD05747	LIB-MJ196-E4_02.fastq.gz	/projects/microflora_danica/data/sequencing/data_flat/trimmed/LIB-MJ196-E4_02_R1.fastq.gz	LIB-MJ196-E4_02_R1.fastq.gz	natural_grassland_soil	Natural grassland soil	2	17	maximise minimum great-circle distance	54.4186990366607	238	P08_1	2021-09-21	55.3414	12.4445	10kmE447N358	1kmE4476N3584	Yes	Soil	Natural	Grassland formations	Semi-natural dry grasslands	Calcareous grassland		6210	SAMN39870069		published abundance column; reliable coordinates; first sample_id per habitat-class x 10-km cell; centroid seed then deterministic geographic maximin selection; sample_id tie-break
MFD05545	LIB-MJ229-G1_03_v_LIB-MJ410-A8_02.fastq.gz	/projects/microflora_danica/data/sequencing/data_flat/trimmed/LIB-MJ229-G1_03_v_LIB-MJ410-A8_02_R1.fastq.gz	LIB-MJ229-G1_03_v_LIB-MJ410-A8_02_R1.fastq.gz	natural_grassland_soil	Natural grassland soil	2	18	maximise minimum great-circle distance	53.8186566031891	238	P08_1	2021-06-23	57.30705	9.66779	10kmE430N380	1kmE4300N3800	Yes	Soil	Natural	Grassland formations	Semi-natural dry grasslands	Species-rich Nardus upland grassland	Løkken	6230	SAMN39869871		published abundance column; reliable coordinates; first sample_id per habitat-class x 10-km cell; centroid seed then deterministic geographic maximin selection; sample_id tie-break
MFD09914	LIB-MJ307-C6_01.fastq.gz	/projects/microflora_danica/data/sequencing/data_flat/trimmed/LIB-MJ307-C6_01_R1.fastq.gz	LIB-MJ307-C6_01_R1.fastq.gz	natural_grassland_soil	Natural grassland soil	2	19	maximise minimum great-circle distance	51.602769414023	238	P08_1	2021-11-24	54.63698	11.46045	10kmE441N350	1kmE4415N3504	Yes	Soil	Natural	Grassland formations	Semi-natural tall-herb humid meadows	Hydrophilous tall-herb swamp	Falster	6430	SAMN39873928		published abundance column; reliable coordinates; first sample_id per habitat-class x 10-km cell; centroid seed then deterministic geographic maximin selection; sample_id tie-break
MFD00117	LIB-MJ050-E8_02.fastq.gz	/projects/microflora_danica/data/sequencing/data_flat/trimmed/LIB-MJ050-E8_02_R1.fastq.gz	LIB-MJ050-E8_02_R1.fastq.gz	natural_grassland_soil	Natural grassland soil	2	20	maximise minimum great-circle distance	51.6011040746275	238	P08_1	2019-08-29	55.27255	11.40555	10kmE441N357	1kmE4410N3575	Yes	Soil	Natural	Grassland formations	Semi-natural tall-herb humid meadows	Hydrophilous tall-herb swamp	Mose-41	6430	SAMN39865047		published abundance column; reliable coordinates; first sample_id per habitat-class x 10-km cell; centroid seed then deterministic geographic maximin selection; sample_id tie-break
MFD13973	LIB-MJ414-H2_03.fastq.gz	/projects/microflora_danica/data/sequencing/data_flat/trimmed/LIB-MJ414-H2_03_R1.fastq.gz	LIB-MJ414-H2_03_R1.fastq.gz	natural_grassland_soil	Natural grassland soil	2	21	maximise minimum great-circle distance	49.7084783549196	238	P08_8	2022-09-28	55.14074496	8.7823295	10kmE424N356	1kmE4243N3560	Yes	Soil	Natural	Grassland formations	Semi-natural tall-herb humid meadows			6400	SAMN39878648		published abundance column; reliable coordinates; first sample_id per habitat-class x 10-km cell; centroid seed then deterministic geographic maximin selection; sample_id tie-break
MFD05567	LIB-MJ193-A9_01.fastq.gz	/projects/microflora_danica/data/sequencing/data_flat/trimmed/LIB-MJ193-A9_01_R1.fastq.gz	LIB-MJ193-A9_01_R1.fastq.gz	natural_grassland_soil	Natural grassland soil	2	22	maximise minimum great-circle distance	48.4482797538376	238	P08_1	2021-09-16	55.17344	9.98682	10kmE432N356	1kmE4320N3563	Yes	Soil	Natural	Grassland formations	Semi-natural dry grasslands	Calcareous grassland	Helnæs	6210	SAMN39869891		published abundance column; reliable coordinates; first sample_id per habitat-class x 10-km cell; centroid seed then deterministic geographic maximin selection; sample_id tie-break
MFD00426	LIB-MJ048-E2_04.fastq.gz	/projects/microflora_danica/data/sequencing/data_flat/trimmed/LIB-MJ048-E2_04_R1.fastq.gz	LIB-MJ048-E2_04_R1.fastq.gz	natural_grassland_soil	Natural grassland soil	2	23	maximise minimum great-circle distance	48.1474656875924	238	P01_2	2018-07-09	56.3994	9.9121	10kmE431N369	1kmE4315N3699	Yes	Soil	Natural	Grassland formations	Semi-natural tall-herb humid meadows	Natural meadow (6410 subtype)	gudenå engene	6411	SAMN39865299		published abundance column; reliable coordinates; first sample_id per habitat-class x 10-km cell; centroid seed then deterministic geographic maximin selection; sample_id tie-break
MFD01201	LIB-MJ091-A5_03.fastq.gz	/projects/microflora_danica/data/sequencing/data_flat/trimmed/LIB-MJ091-A5_03_R1.fastq.gz	LIB-MJ091-A5_03_R1.fastq.gz	natural_grassland_soil	Natural grassland soil	2	24	maximise minimum great-circle distance	45.3429746023615	238	P08_1	2020-04-21	55.61358	10.5932	10kmE435N361	1kmE4358N3612	Yes	Soil	Natural	Grassland formations	Semi-natural dry grasslands	Calcareous grassland	Fynshoved	6210	SAMN39866135		published abundance column; reliable coordinates; first sample_id per habitat-class x 10-km cell; centroid seed then deterministic geographic maximin selection; sample_id tie-break
MFD06666	LIB-MJ347-G4_04_v_LIB-MJ368-G4_03.fastq.gz	/projects/microflora_danica/data/sequencing/data_flat/trimmed/LIB-MJ347-G4_04_v_LIB-MJ368-G4_03_R1.fastq.gz	LIB-MJ347-G4_04_v_LIB-MJ368-G4_03_R1.fastq.gz	natural_grassland_soil	Natural grassland soil	2	25	maximise minimum great-circle distance	44.4240974677585	238	P08_5	2022-06-02	55.73651807	11.99261657	10kmE444N362	1kmE4446N3627	Yes	Soil	Natural	Grassland formations	Semi-natural dry grasslands	Calcareous grassland	Kalkoverdrev	6210	SAMN39870828		published abundance column; reliable coordinates; first sample_id per habitat-class x 10-km cell; centroid seed then deterministic geographic maximin selection; sample_id tie-break
MFD01607	LIB-MJ130-E3_01.fastq.gz	/projects/microflora_danica/data/sequencing/data_flat/trimmed/LIB-MJ130-E3_01_R1.fastq.gz	LIB-MJ130-E3_01_R1.fastq.gz	natural_grassland_soil	Natural grassland soil	2	26	maximise minimum great-circle distance	43.4069498114497	238	P08_1	2020-07-23	56.9607	9.237	10kmE427N376	1kmE4274N3762	Yes	Soil	Natural	Grassland formations	Semi-natural dry grasslands	Calcareous grassland	1075-29	6210	SAMN39866532		published abundance column; reliable coordinates; first sample_id per habitat-class x 10-km cell; centroid seed then deterministic geographic maximin selection; sample_id tie-break
MFD00068	LIB-MJ050-A3_02.fastq.gz	/projects/microflora_danica/data/sequencing/data_flat/trimmed/LIB-MJ050-A3_02_R1.fastq.gz	LIB-MJ050-A3_02_R1.fastq.gz	natural_grassland_soil	Natural grassland soil	2	27	maximise minimum great-circle distance	42.5400593072266	238	P08_1	2019-08-27	55.87862	9.36095	10kmE428N364	1kmE4280N3641	Yes	Soil	Natural	Grassland formations	Semi-natural dry grasslands	Species-rich Nardus upland grassland	267-1	6230	SAMN39864998		published abundance column; reliable coordinates; first sample_id per habitat-class x 10-km cell; centroid seed then deterministic geographic maximin selection; sample_id tie-break
MFD00529	LIB-MJ054-H2_03.fastq.gz	/projects/microflora_danica/data/sequencing/data_flat/trimmed/LIB-MJ054-H2_03_R1.fastq.gz	LIB-MJ054-H2_03_R1.fastq.gz	natural_grassland_soil	Natural grassland soil	2	28	maximise minimum great-circle distance	41.4173905730226	238	P02_1	2015-07-22	56.0148	8.7285	10kmE424N365	1kmE4241N3657	Yes	Soil	Natural	Grassland formations	Semi-natural tall-herb humid meadows	Natural meadow (6410 subtype)	nr. virum	6411	SAMN39865401		published abundance column; reliable coordinates; first sample_id per habitat-class x 10-km cell; centroid seed then deterministic geographic maximin selection; sample_id tie-break
MFD01049	LIB-MJ093-H5_02.fastq.gz	/projects/microflora_danica/data/sequencing/data_flat/trimmed/LIB-MJ093-H5_02_R1.fastq.gz	LIB-MJ093-H5_02_R1.fastq.gz	natural_grassland_soil	Natural grassland soil	2	29	maximise minimum great-circle distance	40.1934939715567	238	P08_1	2020-05-19	57.1541	10.27289	10kmE433N378	1kmE4337N3783	Yes	Soil	Natural	Grassland formations	Semi-natural tall-herb humid meadows	Hydrophilous tall-herb swamp	Dronning Lund	6430	SAMN39865844		published abundance column; reliable coordinates; first sample_id per habitat-class x 10-km cell; centroid seed then deterministic geographic maximin selection; sample_id tie-break
MFD01768	LIB-MJ190-F5_02.fastq.gz	/projects/microflora_danica/data/sequencing/data_flat/trimmed/LIB-MJ190-F5_02_R1.fastq.gz	LIB-MJ190-F5_02_R1.fastq.gz	natural_grassland_soil	Natural grassland soil	2	30	maximise minimum great-circle distance	37.0326299122209	238	P08_1	2021-08-11	56.51387	8.44382	10kmE422N371	1kmE4225N3713	Yes	Soil	Natural	Grassland formations	Semi-natural tall-herb humid meadows	Hydrophilous tall-herb swamp	Klostermølle Å	6430	SAMN39866690		published abundance column; reliable coordinates; first sample_id per habitat-class x 10-km cell; centroid seed then deterministic geographic maximin selection; sample_id tie-break
MFD00534	LIB-MJ055-F8_04.fastq.gz	/projects/microflora_danica/data/sequencing/data_flat/trimmed/LIB-MJ055-F8_04_R1.fastq.gz	LIB-MJ055-F8_04_R1.fastq.gz	natural_grassland_soil	Natural grassland soil	2	31	maximise minimum great-circle distance	36.1755889532084	238	P02_1	2015-07-14	56.6628	8.9691	10kmE425N372	1kmE4257N3729	Yes	Soil	Natural	Grassland formations	Semi-natural tall-herb humid meadows	Agricultural meadow (6430 subtype)	oddense	6431	SAMN39865406		published abundance column; reliable coordinates; first sample_id per habitat-class x 10-km cell; centroid seed then deterministic geographic maximin selection; sample_id tie-break
MFD01487	LIB-MJ197-E5_03.fastq.gz	/projects/microflora_danica/data/sequencing/data_flat/trimmed/LIB-MJ197-E5_03_R1.fastq.gz	LIB-MJ197-E5_03_R1.fastq.gz	natural_grassland_soil	Natural grassland soil	2	32	maximise minimum great-circle distance	35.3710526850157	238	P08_1	2021-08-20	56.27473	10.46575	10kmE434N368	1kmE4349N3685	Yes	Soil	Natural	Grassland formations	Semi-natural dry grasslands	Calcareous grassland	Kalø Slots Ruin	6210	SAMN39866413		published abundance column; reliable coordinates; first sample_id per habitat-class x 10-km cell; centroid seed then deterministic geographic maximin selection; sample_id tie-break
MFD01740	LIB-MJ191-C12_04.fastq.gz	/projects/microflora_danica/data/sequencing/data_flat/trimmed/LIB-MJ191-C12_04_R1.fastq.gz	LIB-MJ191-C12_04_R1.fastq.gz	natural_grassland_soil	Natural grassland soil	2	33	maximise minimum great-circle distance	33.1718265149439	238	P08_1	2021-09-14	54.73625	10.68729	10kmE436N351	1kmE4365N3514	Yes	Soil	Natural	Grassland formations	Semi-natural dry grasslands	Calcareous grassland	Hulbjerg	6210	SAMN39866662		published abundance column; reliable coordinates; first sample_id per habitat-class x 10-km cell; centroid seed then deterministic geographic maximin selection; sample_id tie-break
MFD00659	LIB-MJ089-F9_02.fastq.gz	/projects/microflora_danica/data/sequencing/data_flat/trimmed/LIB-MJ089-F9_02_R1.fastq.gz	LIB-MJ089-F9_02_R1.fastq.gz	natural_grassland_soil	Natural grassland soil	2	34	maximise minimum great-circle distance	32.6852633841214	238	P08_1	2020-04-20	55.55151	9.83402	10kmE431N360	1kmE4310N3605	Yes	Soil	Natural	Grassland formations	Semi-natural tall-herb humid meadows	Hydrophilous tall-herb swamp	Nord fyn/kasmose	6430	SAMN39865526		published abundance column; reliable coordinates; first sample_id per habitat-class x 10-km cell; centroid seed then deterministic geographic maximin selection; sample_id tie-break
MFD00324	LIB-MJ044-F11_03.fastq.gz	/projects/microflora_danica/data/sequencing/data_flat/trimmed/LIB-MJ044-F11_03_R1.fastq.gz	LIB-MJ044-F11_03_R1.fastq.gz	natural_grassland_soil	Natural grassland soil	2	35	maximise minimum great-circle distance	31.8109174502842	238	P01_1	2014-10-27	56.0226	11.9931	10kmE444N365	1kmE4445N3659	Yes	Soil	Natural	Grassland formations	Semi-natural dry grasslands	Species-rich Nardus upland grassland	melby hede	6230	SAMN39865198		published abundance column; reliable coordinates; first sample_id per habitat-class x 10-km cell; centroid seed then deterministic geographic maximin selection; sample_id tie-break
MFD09428	LIB-MJ195-A10_01.fastq.gz	/projects/microflora_danica/data/sequencing/data_flat/trimmed/LIB-MJ195-A10_01_R1.fastq.gz	LIB-MJ195-A10_01_R1.fastq.gz	natural_grassland_soil	Natural grassland soil	2	36	maximise minimum great-circle distance	31.7986756788678	238	P08_1	2021-10-14	55.30395	11.9462	10kmE444N357	1kmE4444N3579	Yes	Soil	Natural	Grassland formations	Semi-natural tall-herb humid meadows	Hydrophilous tall-herb swamp	Haslev v. sysåen	6430	SAMN39873472		published abundance column; reliable coordinates; first sample_id per habitat-class x 10-km cell; centroid seed then deterministic geographic maximin selection; sample_id tie-break
MFD00255	LIB-MJ048-D5_04.fastq.gz	/projects/microflora_danica/data/sequencing/data_flat/trimmed/LIB-MJ048-D5_04_R1.fastq.gz	LIB-MJ048-D5_04_R1.fastq.gz	natural_grassland_soil	Natural grassland soil	2	37	maximise minimum great-circle distance	31.6943228644011	238	P01_1	2014-11-16	57.1168	8.6556	10kmE423N378	1kmE4239N3780	Yes	Soil	Natural	Grassland formations	Semi-natural dry grasslands	Calcareous grassland	kællingdal	6210	SAMN39865129		published abundance column; reliable coordinates; first sample_id per habitat-class x 10-km cell; centroid seed then deterministic geographic maximin selection; sample_id tie-break
MFD03404	LIB-MJ106-G3_01_v_LIB-MJ368-G3_04.fastq.gz	/projects/microflora_danica/data/sequencing/data_flat/trimmed/LIB-MJ106-G3_01_v_LIB-MJ368-G3_04_R1.fastq.gz	LIB-MJ106-G3_01_v_LIB-MJ368-G3_04_R1.fastq.gz	natural_grassland_soil	Natural grassland soil	2	38	maximise minimum great-circle distance	31.5531013410687	238	P08_2	2020-08-29	56.64066	9.54477	10kmE429N372	1kmE4293N3726	Yes	Soil	Natural	Grassland formations	Semi-natural dry grasslands	Species-rich Nardus upland grassland		6230	SAMN39867914		published abundance column; reliable coordinates; first sample_id per habitat-class x 10-km cell; centroid seed then deterministic geographic maximin selection; sample_id tie-break
MFD00739	LIB-MJ092-A11_01.fastq.gz	/projects/microflora_danica/data/sequencing/data_flat/trimmed/LIB-MJ092-A11_01_R1.fastq.gz	LIB-MJ092-A11_01_R1.fastq.gz	natural_grassland_soil	Natural grassland soil	2	39	maximise minimum great-circle distance	31.3810695470424	238	P08_1	2020-04-07	55.22071	9.42824	10kmE428N356	1kmE4284N3568	Yes	Soil	Natural	Grassland formations	Semi-natural tall-herb humid meadows	Hydrophilous tall-herb swamp	Pamhule skov	6430	SAMN39865605		published abundance column; reliable coordinates; first sample_id per habitat-class x 10-km cell; centroid seed then deterministic geographic maximin selection; sample_id tie-break
MFD04979	LIB-MJ201-F2_03.fastq.gz	/projects/microflora_danica/data/sequencing/data_flat/trimmed/LIB-MJ201-F2_03_R1.fastq.gz	LIB-MJ201-F2_03_R1.fastq.gz	natural_grassland_soil	Natural grassland soil	2	40	maximise minimum great-circle distance	30.6217013662733	238	P08_1	2021-09-21	54.93996	10.24178	10kmE433N353	1kmE4336N3537	Yes	Soil	Natural	Grassland formations	Semi-natural dry grasslands	Calcareous grassland	Vitsø	6210	SAMN39869310		published abundance column; reliable coordinates; first sample_id per habitat-class x 10-km cell; centroid seed then deterministic geographic maximin selection; sample_id tie-break
MFD00061	LIB-MJ050-H7_02.fastq.gz	/projects/microflora_danica/data/sequencing/data_flat/trimmed/LIB-MJ050-H7_02_R1.fastq.gz	LIB-MJ050-H7_02_R1.fastq.gz	natural_grassland_soil	Natural grassland soil	2	41	maximise minimum great-circle distance	29.7026250441315	238	P08_1	2019-08-07	55.6053	8.8925	10kmE425N361	1kmE4251N3611	Yes	Soil	Natural	Grassland formations	Semi-natural tall-herb humid meadows		Klelund 1-7	6400	SAMN39864991		published abundance column; reliable coordinates; first sample_id per habitat-class x 10-km cell; centroid seed then deterministic geographic maximin selection; sample_id tie-break
MFD00694	LIB-MJ139-B5_01.fastq.gz	/projects/microflora_danica/data/sequencing/data_flat/trimmed/LIB-MJ139-B5_01_R1.fastq.gz	LIB-MJ139-B5_01_R1.fastq.gz	natural_grassland_soil	Natural grassland soil	2	42	maximise minimum great-circle distance	29.3586700039404	238	P08_1	2020-05-25	56.00001	11.28857	10kmE440N365	1kmE4401N3655	Yes	Soil	Natural	Grassland formations	Semi-natural dry grasslands	Calcareous grassland	Gniben	6210	SAMN39865560		published abundance column; reliable coordinates; first sample_id per habitat-class x 10-km cell; centroid seed then deterministic geographic maximin selection; sample_id tie-break
MFD01382	LIB-MJ151-E7_04.fastq.gz	/projects/microflora_danica/data/sequencing/data_flat/trimmed/LIB-MJ151-E7_04_R1.fastq.gz	LIB-MJ151-E7_04_R1.fastq.gz	natural_grassland_soil	Natural grassland soil	2	43	maximise minimum great-circle distance	29.3357167687591	238	P08_1	2021-06-15	55.34248	10.34225	10kmE434N358	1kmE4342N3582	Yes	Soil	Natural	Grassland formations	Semi-natural dry grasslands	Species-rich Nardus upland grassland	Overdrev-87	6230	SAMN39866311		published abundance column; reliable coordinates; first sample_id per habitat-class x 10-km cell; centroid seed then deterministic geographic maximin selection; sample_id tie-break
MFD00309	LIB-MJ055-E5_04.fastq.gz	/projects/microflora_danica/data/sequencing/data_flat/trimmed/LIB-MJ055-E5_04_R1.fastq.gz	LIB-MJ055-E5_04_R1.fastq.gz	natural_grassland_soil	Natural grassland soil	2	44	maximise minimum great-circle distance	28.0119935529219	238	P01_1	2014-10-16	56.0532	9.7044	10kmE430N366	1kmE4302N3661	Yes	Soil	Natural	Grassland formations	Semi-natural tall-herb humid meadows	Molinia meadows	mossø	6410	SAMN39865183		published abundance column; reliable coordinates; first sample_id per habitat-class x 10-km cell; centroid seed then deterministic geographic maximin selection; sample_id tie-break
MFD00915	LIB-MJ135-F5_04.fastq.gz	/projects/microflora_danica/data/sequencing/data_flat/trimmed/LIB-MJ135-F5_04_R1.fastq.gz	LIB-MJ135-F5_04_R1.fastq.gz	natural_grassland_soil	Natural grassland soil	2	45	maximise minimum great-circle distance	27.7745742716279	238	P08_1	2020-05-28	55.59619	12.35899	10kmE446N361	1kmE4469N3612	Yes	Soil	Natural	Grassland formations	Semi-natural dry grasslands	Species-rich Nardus upland grassland	Hundige strand	6230	SAMN39865717		published abundance column; reliable coordinates; first sample_id per habitat-class x 10-km cell; centroid seed then deterministic geographic maximin selection; sample_id tie-break
MFD05740	LIB-MJ173-H3_01.fastq.gz	/projects/microflora_danica/data/sequencing/data_flat/trimmed/LIB-MJ173-H3_01_R1.fastq.gz	LIB-MJ173-H3_01_R1.fastq.gz	natural_forests_soil	Natural forest soil	3	1	nearest-to-class-centroid seed	0	212	P08_1	2021-07-19	55.98085	10.22585	10kmE433N365	1kmE4335N3653	Yes	Soil	Natural	Forests	Temperate forests		Saksild skov	9100	SAMN39870062		published abundance column; reliable coordinates; first sample_id per habitat-class x 10-km cell; centroid seed then deterministic geographic maximin selection; sample_id tie-break
MFD06314	LIB-MJ301-E8_01.fastq.gz	/projects/microflora_danica/data/sequencing/data_flat/trimmed/LIB-MJ301-E8_01_R1.fastq.gz	LIB-MJ301-E8_01_R1.fastq.gz	natural_forests_soil	Natural forest soil	3	2	maximise minimum great-circle distance	320.594218047176	212	P08_5	2021-07-06	55.010012	15.019691	10kmE464N355	1kmE4641N3556	Yes	Soil	Natural	Forests	Temperate forests	Alluvial woodland	Elle- og askeskov	91E0	SAMN39870488		published abundance column; reliable coordinates; first sample_id per habitat-class x 10-km cell; centroid seed then deterministic geographic maximin selection; sample_id tie-break
MFD01026	LIB-MJ090-H1_04.fastq.gz	/projects/microflora_danica/data/sequencing/data_flat/trimmed/LIB-MJ090-H1_04_R1.fastq.gz	LIB-MJ090-H1_04_R1.fastq.gz	natural_forests_soil	Natural forest soil	3	3	maximise minimum great-circle distance	187.691522004887	212	P08_1	2020-05-08	57.66361	10.46757	10kmE434N384	1kmE4348N3840	Yes	Soil	Natural	Forests	Temperate forests	Beech forests Luzulo-Fagetum	Hulsig	9110	SAMN39865822		published abundance column; reliable coordinates; first sample_id per habitat-class x 10-km cell; centroid seed then deterministic geographic maximin selection; sample_id tie-break
MFD09491	LIB-MJ197-C7_03_v_LIB-MJ366-C7_03.fastq.gz	/projects/microflora_danica/data/sequencing/data_flat/trimmed/LIB-MJ197-C7_03_v_LIB-MJ366-C7_03_R1.fastq.gz	LIB-MJ197-C7_03_v_LIB-MJ366-C7_03_R1.fastq.gz	natural_forests_soil	Natural forest soil	3	4	maximise minimum great-circle distance	173.750384629284	212	P08_1	2021-10-04	54.9094	12.2314	10kmE446N353	1kmE4464N3535	Yes	Soil	Natural	Forests	Temperate forests		Møns Klint	9100	SAMN39873535		published abundance column; reliable coordinates; first sample_id per habitat-class x 10-km cell; centroid seed then deterministic geographic maximin selection; sample_id tie-break
MFD02202	LIB-MJ134-E11_03.fastq.gz	/projects/microflora_danica/data/sequencing/data_flat/trimmed/LIB-MJ134-E11_03_R1.fastq.gz	LIB-MJ134-E11_03_R1.fastq.gz	natural_forests_soil	Natural forest soil	3	5	maximise minimum great-circle distance	144.028161523389	212	P08_1	2020-08-20	56.98077	8.4288	10kmE422N376	1kmE4225N3765	Yes	Soil	Natural	Forests	Temperate forests		Thy	9100	SAMN39866969		published abundance column; reliable coordinates; first sample_id per habitat-class x 10-km cell; centroid seed then deterministic geographic maximin selection; sample_id tie-break
MFD01496	LIB-MJ201-G7_03.fastq.gz	/projects/microflora_danica/data/sequencing/data_flat/trimmed/LIB-MJ201-G7_03_R1.fastq.gz	LIB-MJ201-G7_03_R1.fastq.gz	natural_forests_soil	Natural forest soil	3	6	maximise minimum great-circle distance	139.883570345742	212	P08_1	2021-08-18	54.82551	9.3491	10kmE427N352	1kmE4279N3524	Yes	Soil	Natural	Forests	Temperate forests		63- mose	9100	SAMN39866422		published abundance column; reliable coordinates; first sample_id per habitat-class x 10-km cell; centroid seed then deterministic geographic maximin selection; sample_id tie-break
MFD04247	LIB-MJ190-H1_02_v_LIB-MJ410-E6_02.fastq.gz	/projects/microflora_danica/data/sequencing/data_flat/trimmed/LIB-MJ190-H1_02_v_LIB-MJ410-E6_02_R1.fastq.gz	LIB-MJ190-H1_02_v_LIB-MJ410-E6_02_R1.fastq.gz	natural_forests_soil	Natural forest soil	3	7	maximise minimum great-circle distance	132.213964016594	212	P08_1	2021-09-04	56.091	12.4657	10kmE447N366	1kmE4474N3667	Yes	Soil	Natural	Forests	Temperate forests			9100	SAMN39868602		published abundance column; reliable coordinates; first sample_id per habitat-class x 10-km cell; centroid seed then deterministic geographic maximin selection; sample_id tie-break
MFD04420	LIB-MJ146-B6_01.fastq.gz	/projects/microflora_danica/data/sequencing/data_flat/trimmed/LIB-MJ146-B6_01_R1.fastq.gz	LIB-MJ146-B6_01_R1.fastq.gz	natural_forests_soil	Natural forest soil	3	8	maximise minimum great-circle distance	123.593063321164	212	P08_1	2021-06-24	55.74435	8.25079	10kmE421N362	1kmE4211N3628	Yes	Soil	Natural	Forests	Temperate forests	Beech forests Luzulo-Fagetum	Blåbjerg 1	9110	SAMN39868773		published abundance column; reliable coordinates; first sample_id per habitat-class x 10-km cell; centroid seed then deterministic geographic maximin selection; sample_id tie-break
MFD02434	LIB-MJ130-H5_01.fastq.gz	/projects/microflora_danica/data/sequencing/data_flat/trimmed/LIB-MJ130-H5_01_R1.fastq.gz	LIB-MJ130-H5_01_R1.fastq.gz	natural_forests_soil	Natural forest soil	3	9	maximise minimum great-circle distance	93.877728663017	212	P08_1	2020-08-03	56.82493	10.25749	10kmE433N374	1kmE4336N3746	Yes	Soil	Natural	Forests	Temperate forests		Tofte Skov	9100	SAMN39867198		published abundance column; reliable coordinates; first sample_id per habitat-class x 10-km cell; centroid seed then deterministic geographic maximin selection; sample_id tie-break
MFD01082	LIB-MJ089-D11_02_v_LIB-MJ407-A11_04.fastq.gz	/projects/microflora_danica/data/sequencing/data_flat/trimmed/LIB-MJ089-D11_02_v_LIB-MJ407-A11_04_R1.fastq.gz	LIB-MJ089-D11_02_v_LIB-MJ407-A11_04_R1.fastq.gz	natural_forests_soil	Natural forest soil	3	10	maximise minimum great-circle distance	89.9530554370513	212	P08_1	2020-05-21	55.03807	10.70765	10kmE436N354	1kmE4366N3548	Yes	Soil	Natural	Forests	Temperate forests		Thurø	9100	SAMN39865877		published abundance column; reliable coordinates; first sample_id per habitat-class x 10-km cell; centroid seed then deterministic geographic maximin selection; sample_id tie-break
MFD01810	LIB-MJ173-F11_01.fastq.gz	/projects/microflora_danica/data/sequencing/data_flat/trimmed/LIB-MJ173-F11_01_R1.fastq.gz	LIB-MJ173-F11_01_R1.fastq.gz	natural_forests_soil	Natural forest soil	3	11	maximise minimum great-circle distance	73.9907428858632	212	P08_1	2021-07-28	56.44275	9.14222	10kmE426N370	1kmE4268N3704	Yes	Soil	Natural	Forests	Temperate forests	Oak-hornbeam forests Galio-Carpinetum	Daugbjerg	9170	SAMN39866731		published abundance column; reliable coordinates; first sample_id per habitat-class x 10-km cell; centroid seed then deterministic geographic maximin selection; sample_id tie-break
MFD00341	LIB-MJ051-A10_02.fastq.gz	/projects/microflora_danica/data/sequencing/data_flat/trimmed/LIB-MJ051-A10_02_R1.fastq.gz	LIB-MJ051-A10_02_R1.fastq.gz	natural_forests_soil	Natural forest soil	3	12	maximise minimum great-circle distance	73.3901043213924	212	P01_1	2014-10-24	55.5161	11.7759	10kmE443N360	1kmE4433N3602	Yes	Soil	Natural	Forests	Temperate forests	Beech forests Limestone	allindelille fredskov	9150	SAMN39865215		published abundance column; reliable coordinates; first sample_id per habitat-class x 10-km cell; centroid seed then deterministic geographic maximin selection; sample_id tie-break
MFD01538	LIB-MJ110-E3_04.fastq.gz	/projects/microflora_danica/data/sequencing/data_flat/trimmed/LIB-MJ110-E3_04_R1.fastq.gz	LIB-MJ110-E3_04_R1.fastq.gz	natural_forests_soil	Natural forest soil	3	13	maximise minimum great-circle distance	73.1196590347901	212	P08_1	2020-07-14	55.48244	9.40026	10kmE428N359	1kmE4283N3597	Yes	Soil	Natural	Forests	Temperate forests	Alluvial woodland	Kos-Gelballe_mose-108	91E0	SAMN39866464		published abundance column; reliable coordinates; first sample_id per habitat-class x 10-km cell; centroid seed then deterministic geographic maximin selection; sample_id tie-break
MFD05534	LIB-MJ231-G1_04.fastq.gz	/projects/microflora_danica/data/sequencing/data_flat/trimmed/LIB-MJ231-G1_04_R1.fastq.gz	LIB-MJ231-G1_04_R1.fastq.gz	natural_forests_soil	Natural forest soil	3	14	maximise minimum great-circle distance	62.0659533841789	212	P08_1	2021-06-23	57.30733	9.66818	10kmE430N380	1kmE4300N3800	Yes	Soil	Natural	Forests	Temperate forests		Løkken	9100	SAMN39869860		published abundance column; reliable coordinates; first sample_id per habitat-class x 10-km cell; centroid seed then deterministic geographic maximin selection; sample_id tie-break
MFD00278	LIB-MJ044-D9_03.fastq.gz	/projects/microflora_danica/data/sequencing/data_flat/trimmed/LIB-MJ044-D9_03_R1.fastq.gz	LIB-MJ044-D9_03_R1.fastq.gz	natural_forests_soil	Natural forest soil	3	15	maximise minimum great-circle distance	61.9035033229644	212	P01_1	2014-11-12	56.318	8.1623	10kmE420N369	1kmE4207N3691	Yes	Soil	Natural	Forests	Forest (non-habitattype)	Willow	nissum	9920	SAMN39865152		published abundance column; reliable coordinates; first sample_id per habitat-class x 10-km cell; centroid seed then deterministic geographic maximin selection; sample_id tie-break
MFD01106	LIB-MJ093-D4_02.fastq.gz	/projects/microflora_danica/data/sequencing/data_flat/trimmed/LIB-MJ093-D4_02_R1.fastq.gz	LIB-MJ093-D4_02_R1.fastq.gz	natural_forests_soil	Natural forest soil	3	16	maximise minimum great-circle distance	61.5018414578576	212	P08_1	2020-04-22	56.39569	10.89133	10kmE437N369	1kmE4376N3699	Yes	Soil	Natural	Forests	Temperate forests		Grenå	9100	SAMN39865898		published abundance column; reliable coordinates; first sample_id per habitat-class x 10-km cell; centroid seed then deterministic geographic maximin selection; sample_id tie-break
MFD02170	LIB-MJ214-G1_02.fastq.gz	/projects/microflora_danica/data/sequencing/data_flat/trimmed/LIB-MJ214-G1_02_R1.fastq.gz	LIB-MJ214-G1_02_R1.fastq.gz	natural_forests_soil	Natural forest soil	3	17	maximise minimum great-circle distance	52.5566962473963	212	P08_1	2020-10-04	57.2763	10.97137	10kmE437N379	1kmE4379N3797	Yes	Soil	Natural	Forests	Temperate forests		Læsø	9100	SAMN39866937		published abundance column; reliable coordinates; first sample_id per habitat-class x 10-km cell; centroid seed then deterministic geographic maximin selection; sample_id tie-break
MFD00439	LIB-MJ048-G10_04.fastq.gz	/projects/microflora_danica/data/sequencing/data_flat/trimmed/LIB-MJ048-G10_04_R1.fastq.gz	LIB-MJ048-G10_04_R1.fastq.gz	natural_forests_soil	Natural forest soil	3	18	maximise minimum great-circle distance	49.5048747224649	212	P01_2	2018-07-31	56.0004	9.2328	10kmE427N365	1kmE4273N3655	Yes	Soil	Natural	Forests	Forest (non-habitattype)	Willow	hygildvej	9920	SAMN39865312		published abundance column; reliable coordinates; first sample_id per habitat-class x 10-km cell; centroid seed then deterministic geographic maximin selection; sample_id tie-break
MFD02479	LIB-MJ137-C7_02.fastq.gz	/projects/microflora_danica/data/sequencing/data_flat/trimmed/LIB-MJ137-C7_02_R1.fastq.gz	LIB-MJ137-C7_02_R1.fastq.gz	natural_forests_soil	Natural forest soil	3	19	maximise minimum great-circle distance	49.4852882088255	212	P08_1	2020-09-13	55.17504	8.83456	10kmE424N356	1kmE4246N3563	Yes	Soil	Natural	Forests	Temperate forests	Old acidophilous oak woods with Q. robur on sandy plains	Skærbæk (20)	9190	SAMN39867242		published abundance column; reliable coordinates; first sample_id per habitat-class x 10-km cell; centroid seed then deterministic geographic maximin selection; sample_id tie-break
MFD00361	LIB-MJ055-D2_04.fastq.gz	/projects/microflora_danica/data/sequencing/data_flat/trimmed/LIB-MJ055-D2_04_R1.fastq.gz	LIB-MJ055-D2_04_R1.fastq.gz	natural_forests_soil	Natural forest soil	3	20	maximise minimum great-circle distance	48.9906105412343	212	P01_1	2014-10-28	54.7248	11.5371	10kmE442N351	1kmE4420N3514	Yes	Soil	Natural	Forests	Temperate forests	Bog woodland	fuglse mose	91D0	SAMN39865235		published abundance column; reliable coordinates; first sample_id per habitat-class x 10-km cell; centroid seed then deterministic geographic maximin selection; sample_id tie-break
MFD00950	LIB-MJ089-E10_02.fastq.gz	/projects/microflora_danica/data/sequencing/data_flat/trimmed/LIB-MJ089-E10_02_R1.fastq.gz	LIB-MJ089-E10_02_R1.fastq.gz	natural_forests_soil	Natural forest soil	3	21	maximise minimum great-circle distance	47.4268959724659	212	P08_1	2020-05-08	56.38464	9.90605	10kmE431N369	1kmE4315N3697	Yes	Soil	Natural	Forests	Temperate forests	Oak-hornbeam mixed forest	Langå egeskov	9160	SAMN39865750		published abundance column; reliable coordinates; first sample_id per habitat-class x 10-km cell; centroid seed then deterministic geographic maximin selection; sample_id tie-break
MFD01466	LIB-MJ196-H4_02.fastq.gz	/projects/microflora_danica/data/sequencing/data_flat/trimmed/LIB-MJ196-H4_02_R1.fastq.gz	LIB-MJ196-H4_02_R1.fastq.gz	natural_forests_soil	Natural forest soil	3	22	maximise minimum great-circle distance	46.1269436872111	212	P08_1	2021-08-23	55.4189	10.41925	10kmE434N359	1kmE4347N3590	Yes	Soil	Natural	Forests	Temperate forests		16	9100	SAMN39866392		published abundance column; reliable coordinates; first sample_id per habitat-class x 10-km cell; centroid seed then deterministic geographic maximin selection; sample_id tie-break
MFD04962	LIB-MJ193-G10_01.fastq.gz	/projects/microflora_danica/data/sequencing/data_flat/trimmed/LIB-MJ193-G10_01_R1.fastq.gz	LIB-MJ193-G10_01_R1.fastq.gz	natural_forests_soil	Natural forest soil	3	23	maximise minimum great-circle distance	45.3776256080627	212	P08_1	2021-10-20	55.29781	12.45025	10kmE447N357	1kmE4476N3579	Yes	Soil	Natural	Forests	Temperate forests		Stevns	9100	SAMN39869293		published abundance column; reliable coordinates; first sample_id per habitat-class x 10-km cell; centroid seed then deterministic geographic maximin selection; sample_id tie-break
MFD00003	LIB-MJ048-A2_04.fastq.gz	/projects/microflora_danica/data/sequencing/data_flat/trimmed/LIB-MJ048-A2_04_R1.fastq.gz	LIB-MJ048-A2_04_R1.fastq.gz	natural_forests_soil	Natural forest soil	3	24	maximise minimum great-circle distance	43.9240463382947	212	P08_1	2019-08-15	55.34366	11.14956	10kmE439N358	1kmE4393N3582	Yes	Soil	Natural	Forests	Temperate forests	Beech forests Asperulo-Fagetum	Tårnbygård, nord	9130	SAMN39864935		published abundance column; reliable coordinates; first sample_id per habitat-class x 10-km cell; centroid seed then deterministic geographic maximin selection; sample_id tie-break
MFD09546	LIB-MJ195-E10_01.fastq.gz	/projects/microflora_danica/data/sequencing/data_flat/trimmed/LIB-MJ195-E10_01_R1.fastq.gz	LIB-MJ195-E10_01_R1.fastq.gz	natural_forests_soil	Natural forest soil	3	25	maximise minimum great-circle distance	43.8628087328494	212	P08_1	2021-10-19	55.00598	9.95936	10kmE431N354	1kmE4318N3544	Yes	Soil	Natural	Forests	Temperate forests	Beech forests Asperulo-Fagetum	Nørreskoven, Als, S.Jyll	9130	SAMN39873586		published abundance column; reliable coordinates; first sample_id per habitat-class x 10-km cell; centroid seed then deterministic geographic maximin selection; sample_id tie-break
MFD04748	LIB-MJ197-C2_03.fastq.gz	/projects/microflora_danica/data/sequencing/data_flat/trimmed/LIB-MJ197-C2_03_R1.fastq.gz	LIB-MJ197-C2_03_R1.fastq.gz	natural_forests_soil	Natural forest soil	3	26	maximise minimum great-circle distance	42.377619499352	212	P08_1	2021-09-27	56.93736	9.49967	10kmE429N375	1kmE4290N3759	Yes	Soil	Natural	Forests	Temperate forests	Old acidophilous oak woods with Q. robur on sandy plains	Ajstrup Hede 1	9190	SAMN39869086		published abundance column; reliable coordinates; first sample_id per habitat-class x 10-km cell; centroid seed then deterministic geographic maximin selection; sample_id tie-break
MFD00322	LIB-MJ054-F7_03.fastq.gz	/projects/microflora_danica/data/sequencing/data_flat/trimmed/LIB-MJ054-F7_03_R1.fastq.gz	LIB-MJ054-F7_03_R1.fastq.gz	natural_forests_soil	Natural forest soil	3	27	maximise minimum great-circle distance	37.376593656223	212	P01_1	2014-11-04	55.6889	9.8696	10kmE431N362	1kmE4312N3620	Yes	Soil	Natural	Forests	Forest (non-habitattype)	Spruce	rand skov	9911	SAMN39865196		published abundance column; reliable coordinates; first sample_id per habitat-class x 10-km cell; centroid seed then deterministic geographic maximin selection; sample_id tie-break
MFD01153	LIB-MJ089-C12_02.fastq.gz	/projects/microflora_danica/data/sequencing/data_flat/trimmed/LIB-MJ089-C12_02_R1.fastq.gz	LIB-MJ089-C12_02_R1.fastq.gz	natural_forests_soil	Natural forest soil	3	28	maximise minimum great-circle distance	36.8915036440756	212	P08_1	2020-05-19	57.15659	10.27337	10kmE433N378	1kmE4337N3783	Yes	Soil	Natural	Forests	Temperate forests	Beech forests Asperulo-Fagetum	Dronninglund	9130	SAMN39866093		published abundance column; reliable coordinates; first sample_id per habitat-class x 10-km cell; centroid seed then deterministic geographic maximin selection; sample_id tie-break
MFD05469	LIB-MJ200-H4_04.fastq.gz	/projects/microflora_danica/data/sequencing/data_flat/trimmed/LIB-MJ200-H4_04_R1.fastq.gz	LIB-MJ200-H4_04_R1.fastq.gz	natural_forests_soil	Natural forest soil	3	29	maximise minimum great-circle distance	36.0767123073407	212	P08_1	2021-07-28	56.73259	8.81103	10kmE424N373	1kmE4248N3737	Yes	Soil	Natural	Forests	Temperate forests		Sallingsund	9100	SAMN39869795		published abundance column; reliable coordinates; first sample_id per habitat-class x 10-km cell; centroid seed then deterministic geographic maximin selection; sample_id tie-break
MFD02419	LIB-MJ133-A9_03.fastq.gz	/projects/microflora_danica/data/sequencing/data_flat/trimmed/LIB-MJ133-A9_03_R1.fastq.gz	LIB-MJ133-A9_03_R1.fastq.gz	natural_forests_soil	Natural forest soil	3	30	maximise minimum great-circle distance	35.8415520846957	212	P08_1	2020-09-15	55.66599	11.14869	10kmE439N361	1kmE4393N3618	Yes	Soil	Natural	Forests	Temperate forests	Bog woodland	17_mose_3	91D0	SAMN39867183		published abundance column; reliable coordinates; first sample_id per habitat-class x 10-km cell; centroid seed then deterministic geographic maximin selection; sample_id tie-break
MFD04185	LIB-MJ200-D5_04.fastq.gz	/projects/microflora_danica/data/sequencing/data_flat/trimmed/LIB-MJ200-D5_04_R1.fastq.gz	LIB-MJ200-D5_04_R1.fastq.gz	natural_forests_soil	Natural forest soil	3	31	maximise minimum great-circle distance	35.2875559784797	212	P08_1	2021-09-05	55.77928	12.57193	10kmE448N363	1kmE4482N3633	Yes	Soil	Natural	Forests	Temperate forests	Beech forests Asperulo-Fagetum	Dyrehaven	9130	SAMN39868542		published abundance column; reliable coordinates; first sample_id per habitat-class x 10-km cell; centroid seed then deterministic geographic maximin selection; sample_id tie-break
MFD04547	LIB-MJ386-E8_04.fastq.gz	/projects/microflora_danica/data/sequencing/data_flat/trimmed/LIB-MJ386-E8_04_R1.fastq.gz	LIB-MJ386-E8_04_R1.fastq.gz	natural_forests_soil	Natural forest soil	3	32	maximise minimum great-circle distance	33.5703045990957	212	P08_1	2021-05-31	55.71756	9.04467	10kmE426N362	1kmE4260N3624	Yes	Soil	Natural	Forests			Grene Sande	9010	SAMN39868894		published abundance column; reliable coordinates; first sample_id per habitat-class x 10-km cell; centroid seed then deterministic geographic maximin selection; sample_id tie-break
MFD04773	LIB-MJ193-D10_01.fastq.gz	/projects/microflora_danica/data/sequencing/data_flat/trimmed/LIB-MJ193-D10_01_R1.fastq.gz	LIB-MJ193-D10_01_R1.fastq.gz	natural_forests_soil	Natural forest soil	3	33	maximise minimum great-circle distance	33.4742949338577	212	P08_1	2021-09-14	54.73723	10.72678	10kmE436N351	1kmE4367N3514	Yes	Soil	Natural	Forests	Temperate forests	Oak-hornbeam mixed forest	Lunden	9160	SAMN39869109		published abundance column; reliable coordinates; first sample_id per habitat-class x 10-km cell; centroid seed then deterministic geographic maximin selection; sample_id tie-break
MFD00021	LIB-MJ050-A7_02.fastq.gz	/projects/microflora_danica/data/sequencing/data_flat/trimmed/LIB-MJ050-A7_02_R1.fastq.gz	LIB-MJ050-A7_02_R1.fastq.gz	natural_forests_soil	Natural forest soil	3	34	maximise minimum great-circle distance	32.9469015544403	212	P08_1	2019-09-03	55.36789	9.90533	10kmE431N358	1kmE4314N3584	Yes	Soil	Natural	Forests	Temperate forests	Alluvial woodland	Mose-245	91E0	SAMN39864953		published abundance column; reliable coordinates; first sample_id per habitat-class x 10-km cell; centroid seed then deterministic geographic maximin selection; sample_id tie-break
MFD09380	LIB-MJ193-G9_01.fastq.gz	/projects/microflora_danica/data/sequencing/data_flat/trimmed/LIB-MJ193-G9_01_R1.fastq.gz	LIB-MJ193-G9_01_R1.fastq.gz	natural_forests_soil	Natural forest soil	3	35	maximise minimum great-circle distance	32.671397320407	212	P08_1	2021-09-29	55.26423	14.76196	10kmE462N358	1kmE4623N3583	Yes	Soil	Natural	Forests	Temperate forests	Beech forests Luzulo-Fagetum	Bornholm	9110	SAMN39873427		published abundance column; reliable coordinates; first sample_id per habitat-class x 10-km cell; centroid seed then deterministic geographic maximin selection; sample_id tie-break
MFD00258	LIB-MJ044-B8_03.fastq.gz	/projects/microflora_danica/data/sequencing/data_flat/trimmed/LIB-MJ044-B8_03_R1.fastq.gz	LIB-MJ044-B8_03_R1.fastq.gz	natural_forests_soil	Natural forest soil	3	36	maximise minimum great-circle distance	31.415438741865	212	P01_1	2014-11-17	57.0543	8.9299	10kmE425N377	1kmE4255N3772	Yes	Soil	Natural	Forests	Temperate forests	Bog woodland	tømmerby fjord	91D0	SAMN39865132		published abundance column; reliable coordinates; first sample_id per habitat-class x 10-km cell; centroid seed then deterministic geographic maximin selection; sample_id tie-break
MFD00693	LIB-MJ091-E1_03.fastq.gz	/projects/microflora_danica/data/sequencing/data_flat/trimmed/LIB-MJ091-E1_03_R1.fastq.gz	LIB-MJ091-E1_03_R1.fastq.gz	natural_forests_soil	Natural forest soil	3	37	maximise minimum great-circle distance	31.1380738557797	212	P08_1	2020-05-07	56.51906	10.43637	10kmE434N371	1kmE4347N3712	Yes	Soil	Natural	Forests	Temperate forests	Old acidophilous oak woods with Q. robur on sandy plains	Hevring	9190	SAMN39865559		published abundance column; reliable coordinates; first sample_id per habitat-class x 10-km cell; centroid seed then deterministic geographic maximin selection; sample_id tie-break
MFD00018	LIB-MJ050-H9_02.fastq.gz	/projects/microflora_danica/data/sequencing/data_flat/trimmed/LIB-MJ050-H9_02_R1.fastq.gz	LIB-MJ050-H9_02_R1.fastq.gz	natural_forests_soil	Natural forest soil	3	38	maximise minimum great-circle distance	31.0981232857927	212	P08_1	2019-08-20	56.10538	9.77753	10kmE430N366	1kmE4307N3666	Yes	Soil	Natural	Forests	Temperate forests	Beech forests Acidophilous with Ilex	Præstebakken (ID 874979)	9120	SAMN39864950		published abundance column; reliable coordinates; first sample_id per habitat-class x 10-km cell; centroid seed then deterministic geographic maximin selection; sample_id tie-break
MFD01800	LIB-MJ201-D9_03.fastq.gz	/projects/microflora_danica/data/sequencing/data_flat/trimmed/LIB-MJ201-D9_03_R1.fastq.gz	LIB-MJ201-D9_03_R1.fastq.gz	natural_forests_soil	Natural forest soil	3	39	maximise minimum great-circle distance	30.8633203066705	212	P08_1	2021-09-03	56.01567	11.98731	10kmE444N365	1kmE4445N3658	Yes	Soil	Natural	Forests	Temperate forests		Liseleje	9100	SAMN39866721		published abundance column; reliable coordinates; first sample_id per habitat-class x 10-km cell; centroid seed then deterministic geographic maximin selection; sample_id tie-break
MFD01140	LIB-MJ131-B12_01_v_LIB-MJ408-H6_04.fastq.gz	/projects/microflora_danica/data/sequencing/data_flat/trimmed/LIB-MJ131-B12_01_v_LIB-MJ408-H6_04_R1.fastq.gz	LIB-MJ131-B12_01_v_LIB-MJ408-H6_04_R1.fastq.gz	natural_forests_soil	Natural forest soil	3	40	maximise minimum great-circle distance	30.7869700408174	212	P08_1	2020-06-05	56.19338	10.5507	10kmE435N367	1kmE4355N3676	Yes	Soil	Natural	Forests	Temperate forests	Old acidophilous oak woods with Q. robur on sandy plains	Fuglsø	9190	SAMN39865929		published abundance column; reliable coordinates; first sample_id per habitat-class x 10-km cell; centroid seed then deterministic geographic maximin selection; sample_id tie-break
MFD04184	LIB-MJ259-G5_04.fastq.gz	/projects/microflora_danica/data/sequencing/data_flat/trimmed/LIB-MJ259-G5_04_R1.fastq.gz	LIB-MJ259-G5_04_R1.fastq.gz	natural_forests_soil	Natural forest soil	3	41	maximise minimum great-circle distance	30.3686631926501	212	P08_1	2021-11-22	55.24321	11.75654	10kmE443N357	1kmE4432N3572	Yes	Soil	Natural	Forests	Temperate forests		Rådmandshave	9100	SAMN39868541		published abundance column; reliable coordinates; first sample_id per habitat-class x 10-km cell; centroid seed then deterministic geographic maximin selection; sample_id tie-break
MFD01798	LIB-MJ190-A7_02.fastq.gz	/projects/microflora_danica/data/sequencing/data_flat/trimmed/LIB-MJ190-A7_02_R1.fastq.gz	LIB-MJ190-A7_02_R1.fastq.gz	natural_forests_soil	Natural forest soil	3	42	maximise minimum great-circle distance	29.9124702387603	212	P08_1	2021-10-21	57.51755	10.04608	10kmE432N382	1kmE4323N3823	Yes	Soil	Natural	Forests	Temperate forests	Beech forests Acidophilous with Ilex	Præstegårdsbakkerne 3	9120	SAMN39866719		published abundance column; reliable coordinates; first sample_id per habitat-class x 10-km cell; centroid seed then deterministic geographic maximin selection; sample_id tie-break
MFD01706	LIB-MJ177-E10_03.fastq.gz	/projects/microflora_danica/data/sequencing/data_flat/trimmed/LIB-MJ177-E10_03_R1.fastq.gz	LIB-MJ177-E10_03_R1.fastq.gz	natural_forests_soil	Natural forest soil	3	43	maximise minimum great-circle distance	29.7257698004043	212	P08_1	2021-07-26	56.23566	8.62041	10kmE423N368	1kmE4235N3682	Yes	Soil	Natural	Forests	Temperate forests		Præstbjerg naturcenter	9100	SAMN39866629		published abundance column; reliable coordinates; first sample_id per habitat-class x 10-km cell; centroid seed then deterministic geographic maximin selection; sample_id tie-break
MFD06679	LIB-MJ343-D6_01.fastq.gz	/projects/microflora_danica/data/sequencing/data_flat/trimmed/LIB-MJ343-D6_01_R1.fastq.gz	LIB-MJ343-D6_01_R1.fastq.gz	natural_forests_soil	Natural forest soil	3	44	maximise minimum great-circle distance	29.2025413421749	212	P08_5	2022-06-02	55.77816496	11.74553801	10kmE443N363	1kmE4430N3631	Yes	Soil	Natural	Forests	Temperate forests	Oak-hornbeam mixed forest	Ege-blandskov	9160	SAMN39870836		published abundance column; reliable coordinates; first sample_id per habitat-class x 10-km cell; centroid seed then deterministic geographic maximin selection; sample_id tie-break
MFD04598	LIB-MJ192-C4_04.fastq.gz	/projects/microflora_danica/data/sequencing/data_flat/trimmed/LIB-MJ192-C4_04_R1.fastq.gz	LIB-MJ192-C4_04_R1.fastq.gz	natural_forests_soil	Natural forest soil	3	45	maximise minimum great-circle distance	28.2851871230748	212	P08_1	2021-08-04	56.58638	9.62543	10kmE429N372	1kmE4297N3720	Yes	Soil	Natural	Forests	Temperate forests	Beech forests Luzulo-Fagetum	Klejtrup	9110	SAMN39868940		published abundance column; reliable coordinates; first sample_id per habitat-class x 10-km cell; centroid seed then deterministic geographic maximin selection; sample_id tie-break
MFD03814	LIB-MJ147-B2_02.fastq.gz	/projects/microflora_danica/data/sequencing/data_flat/trimmed/LIB-MJ147-B2_02_R1.fastq.gz	LIB-MJ147-B2_02_R1.fastq.gz	urban_greenspaces_soil	Urban greenspace soil	4	1	nearest-to-class-centroid seed	0	268	P17_1	2020-08-04	55.914	10.2499	10kmE433N364	1kmE4336N3645	Yes	Soil	Urban	Greenspaces	Parks			4100	SAMN39868192		published abundance column; reliable coordinates; first sample_id per habitat-class x 10-km cell; centroid seed then deterministic geographic maximin selection; sample_id tie-break
MFD09534	LIB-MJ228-G7_01.fastq.gz	/projects/microflora_danica/data/sequencing/data_flat/trimmed/LIB-MJ228-G7_01_R1.fastq.gz	LIB-MJ228-G7_01_R1.fastq.gz	urban_greenspaces_soil	Urban greenspace soil	4	2	maximise minimum great-circle distance	308.872866679331	268	P17_1	2021-09-28	55.0691	14.9219	10kmE463N356	1kmE4635N3562	Yes	Soil	Urban	Greenspaces	Parks			4100	SAMN39873577		published abundance column; reliable coordinates; first sample_id per habitat-class x 10-km cell; centroid seed then deterministic geographic maximin selection; sample_id tie-break
MFD01359	LIB-MJ196-A11_02.fastq.gz	/projects/microflora_danica/data/sequencing/data_flat/trimmed/LIB-MJ196-A11_02_R1.fastq.gz	LIB-MJ196-A11_02_R1.fastq.gz	urban_greenspaces_soil	Urban greenspace soil	4	3	maximise minimum great-circle distance	202.902866151851	268	P17_1	2021-06-15	57.7282	10.608	10kmE435N384	1kmE4357N3847	Yes	Soil	Urban	Greenspaces	Parks			4100	SAMN39866288		published abundance column; reliable coordinates; first sample_id per habitat-class x 10-km cell; centroid seed then deterministic geographic maximin selection; sample_id tie-break
MFD06897	LIB-MJ259-G7_04.fastq.gz	/projects/microflora_danica/data/sequencing/data_flat/trimmed/LIB-MJ259-G7_04_R1.fastq.gz	LIB-MJ259-G7_04_R1.fastq.gz	urban_greenspaces_soil	Urban greenspace soil	4	4	maximise minimum great-circle distance	164.491037463443	268	P17_1	2021-06-23	54.9897	12.2868	10kmE446N354	1kmE4467N3545	Yes	Soil	Urban	Greenspaces	Parks			4100	SAMN39870987		published abundance column; reliable coordinates; first sample_id per habitat-class x 10-km cell; centroid seed then deterministic geographic maximin selection; sample_id tie-break
MFD03759	LIB-MJ132-H10_03.fastq.gz	/projects/microflora_danica/data/sequencing/data_flat/trimmed/LIB-MJ132-H10_03_R1.fastq.gz	LIB-MJ132-H10_03_R1.fastq.gz	urban_greenspaces_soil	Urban greenspace soil	4	5	maximise minimum great-circle distance	153.402700387876	268	P17_1	2020-08-11	56.7026	8.2091	10kmE421N373	1kmE4211N3734	Yes	Soil	Urban	Greenspaces	Parks			4100	SAMN39868137		published abundance column; reliable coordinates; first sample_id per habitat-class x 10-km cell; centroid seed then deterministic geographic maximin selection; sample_id tie-break
MFD03666	LIB-MJ129-A7_02.fastq.gz	/projects/microflora_danica/data/sequencing/data_flat/trimmed/LIB-MJ129-A7_02_R1.fastq.gz	LIB-MJ129-A7_02_R1.fastq.gz	urban_greenspaces_soil	Urban greenspace soil	4	6	maximise minimum great-circle distance	138.968122954243	268	P17_1	2020-09-26	54.9374	8.8755	10kmE424N353	1kmE4248N3537	Yes	Soil	Urban	Greenspaces	Parks			4100	SAMN39868059		published abundance column; reliable coordinates; first sample_id per habitat-class x 10-km cell; centroid seed then deterministic geographic maximin selection; sample_id tie-break
MFD10031	LIB-MJ279-G6_02.fastq.gz	/projects/microflora_danica/data/sequencing/data_flat/trimmed/LIB-MJ279-G6_02_R1.fastq.gz	LIB-MJ279-G6_02_R1.fastq.gz	urban_greenspaces_soil	Urban greenspace soil	4	7	maximise minimum great-circle distance	125.830653470217	268	P17_1	2021-11-06	56.1213	12.2989	10kmE446N367	1kmE4464N3670	Yes	Soil	Urban	Greenspaces	Parks			4100	SAMN39874035		published abundance column; reliable coordinates; first sample_id per habitat-class x 10-km cell; centroid seed then deterministic geographic maximin selection; sample_id tie-break
MFD04218	LIB-MJ228-G2_01.fastq.gz	/projects/microflora_danica/data/sequencing/data_flat/trimmed/LIB-MJ228-G2_01_R1.fastq.gz	LIB-MJ228-G2_01_R1.fastq.gz	urban_greenspaces_soil	Urban greenspace soil	4	8	maximise minimum great-circle distance	106.45916929522	268	P17_1	2020-12-06	54.7484	10.6767	10kmE436N351	1kmE4364N3516	Yes	Soil	Urban	Greenspaces	Parks			4100	SAMN39868573		published abundance column; reliable coordinates; first sample_id per habitat-class x 10-km cell; centroid seed then deterministic geographic maximin selection; sample_id tie-break
MFD02741	LIB-MJ107-C8_02.fastq.gz	/projects/microflora_danica/data/sequencing/data_flat/trimmed/LIB-MJ107-C8_02_R1.fastq.gz	LIB-MJ107-C8_02_R1.fastq.gz	urban_greenspaces_soil	Urban greenspace soil	4	9	maximise minimum great-circle distance	101.115190843232	268	P17_1	2020-07-16	56.8837	9.8363	10kmE431N375	1kmE4311N3753	Yes	Soil	Urban	Greenspaces	Parks			4100	SAMN39867423		published abundance column; reliable coordinates; first sample_id per habitat-class x 10-km cell; centroid seed then deterministic geographic maximin selection; sample_id tie-break
MFD03813	LIB-MJ108-C4_02.fastq.gz	/projects/microflora_danica/data/sequencing/data_flat/trimmed/LIB-MJ108-C4_02_R1.fastq.gz	LIB-MJ108-C4_02_R1.fastq.gz	urban_greenspaces_soil	Urban greenspace soil	4	10	maximise minimum great-circle distance	100.499242939424	268	P17_1	2020-08-12	55.7782	8.2922	10kmE421N363	1kmE4213N3631	Yes	Soil	Urban	Greenspaces	Parks			4100	SAMN39868191		published abundance column; reliable coordinates; first sample_id per habitat-class x 10-km cell; centroid seed then deterministic geographic maximin selection; sample_id tie-break
MFD01497	LIB-MJ342-F8_02.fastq.gz	/projects/microflora_danica/data/sequencing/data_flat/trimmed/LIB-MJ342-F8_02_R1.fastq.gz	LIB-MJ342-F8_02_R1.fastq.gz	urban_greenspaces_soil	Urban greenspace soil	4	11	maximise minimum great-circle distance	79.068694252087	268	P17_1	2022-04-21	55.5115	11.2905	10kmE440N360	1kmE4402N3601	Yes	Soil	Urban	Greenspaces	Parks			4100	SAMN39866423		published abundance column; reliable coordinates; first sample_id per habitat-class x 10-km cell; centroid seed then deterministic geographic maximin selection; sample_id tie-break
MFD04310	LIB-MJ177-B11_03.fastq.gz	/projects/microflora_danica/data/sequencing/data_flat/trimmed/LIB-MJ177-B11_03_R1.fastq.gz	LIB-MJ177-B11_03_R1.fastq.gz	urban_greenspaces_soil	Urban greenspace soil	4	12	maximise minimum great-circle distance	74.623595725422	268	P17_1	2020-11-14	55.2661	9.8982	10kmE431N357	1kmE4314N3573	Yes	Soil	Urban	Greenspaces	Parks			4100	SAMN39868664		published abundance column; reliable coordinates; first sample_id per habitat-class x 10-km cell; centroid seed then deterministic geographic maximin selection; sample_id tie-break
MFD02983	LIB-MJ145-B3_01.fastq.gz	/projects/microflora_danica/data/sequencing/data_flat/trimmed/LIB-MJ145-B3_01_R1.fastq.gz	LIB-MJ145-B3_01_R1.fastq.gz	urban_greenspaces_soil	Urban greenspace soil	4	13	maximise minimum great-circle distance	73.483034499234	268	P17_1	2020-08-10	56.3069	9.1682	10kmE426N368	1kmE4269N3689	Yes	Soil	Urban	Greenspaces	Parks			4100	SAMN39867649		published abundance column; reliable coordinates; first sample_id per habitat-class x 10-km cell; centroid seed then deterministic geographic maximin selection; sample_id tie-break
MFD03062	LIB-MJ170-H7_03.fastq.gz	/projects/microflora_danica/data/sequencing/data_flat/trimmed/LIB-MJ170-H7_03_R1.fastq.gz	LIB-MJ170-H7_03_R1.fastq.gz	urban_greenspaces_soil	Urban greenspace soil	4	14	maximise minimum great-circle distance	67.5323773338459	268	P17_1	2020-07-28	56.4146	10.8675	10kmE437N370	1kmE4374N3701	Yes	Soil	Urban	Greenspaces	Parks			4100	SAMN39867728		published abundance column; reliable coordinates; first sample_id per habitat-class x 10-km cell; centroid seed then deterministic geographic maximin selection; sample_id tie-break
MFD09724	LIB-MJ337-D10_03.fastq.gz	/projects/microflora_danica/data/sequencing/data_flat/trimmed/LIB-MJ337-D10_03_R1.fastq.gz	LIB-MJ337-D10_03_R1.fastq.gz	urban_greenspaces_soil	Urban greenspace soil	4	15	maximise minimum great-circle distance	64.7285361275022	268	P17_1	2022-05-04	55.5674	12.6178	10kmE448N360	1kmE4486N3609	Yes	Soil	Urban	Greenspaces	Parks			4100	SAMN39873751		published abundance column; reliable coordinates; first sample_id per habitat-class x 10-km cell; centroid seed then deterministic geographic maximin selection; sample_id tie-break
MFD03681	LIB-MJ109-C5_01.fastq.gz	/projects/microflora_danica/data/sequencing/data_flat/trimmed/LIB-MJ109-C5_01_R1.fastq.gz	LIB-MJ109-C5_01_R1.fastq.gz	urban_greenspaces_soil	Urban greenspace soil	4	16	maximise minimum great-circle distance	58.8067702863568	268	P17_1	2020-09-27	57.2483	11.0215	10kmE438N379	1kmE4382N3794	Yes	Soil	Urban	Greenspaces	Other			4200	SAMN39868070		published abundance column; reliable coordinates; first sample_id per habitat-class x 10-km cell; centroid seed then deterministic geographic maximin selection; sample_id tie-break
MFD03864	LIB-MJ134-D8_03_v_LIB-MJ404-H7_03.fastq.gz	/projects/microflora_danica/data/sequencing/data_flat/trimmed/LIB-MJ134-D8_03_v_LIB-MJ404-H7_03_R1.fastq.gz	LIB-MJ134-D8_03_v_LIB-MJ404-H7_03_R1.fastq.gz	urban_greenspaces_soil	Urban greenspace soil	4	17	maximise minimum great-circle distance	55.5262790120207	268	P17_1	2020-08-14	55.4902	9.0149	10kmE425N359	1kmE4258N3598	Yes	Soil	Urban	Greenspaces	Parks			4100	SAMN39868241		published abundance column; reliable coordinates; first sample_id per habitat-class x 10-km cell; centroid seed then deterministic geographic maximin selection; sample_id tie-break
MFD03590	LIB-MJ109-F2_01.fastq.gz	/projects/microflora_danica/data/sequencing/data_flat/trimmed/LIB-MJ109-F2_01_R1.fastq.gz	LIB-MJ109-F2_01_R1.fastq.gz	urban_greenspaces_soil	Urban greenspace soil	4	18	maximise minimum great-circle distance	53.2097405398659	268	P17_1	2020-09-30	57.1246	8.6224	10kmE423N378	1kmE4237N3781	Yes	Soil	Urban	Greenspaces	Other			4200	SAMN39867992		published abundance column; reliable coordinates; first sample_id per habitat-class x 10-km cell; centroid seed then deterministic geographic maximin selection; sample_id tie-break
MFD09718	LIB-MJ337-H6_03.fastq.gz	/projects/microflora_danica/data/sequencing/data_flat/trimmed/LIB-MJ337-H6_03_R1.fastq.gz	LIB-MJ337-H6_03_R1.fastq.gz	urban_greenspaces_soil	Urban greenspace soil	4	19	maximise minimum great-circle distance	51.3097490093068	268	P17_1	2022-03-22	55.9712	11.3616	10kmE440N365	1kmE4406N3652	Yes	Soil	Urban	Greenspaces	Parks			4100	SAMN39873745		published abundance column; reliable coordinates; first sample_id per habitat-class x 10-km cell; centroid seed then deterministic geographic maximin selection; sample_id tie-break
MFD02759	LIB-MJ129-D10_02.fastq.gz	/projects/microflora_danica/data/sequencing/data_flat/trimmed/LIB-MJ129-D10_02_R1.fastq.gz	LIB-MJ129-D10_02_R1.fastq.gz	urban_greenspaces_soil	Urban greenspace soil	4	20	maximise minimum great-circle distance	50.0528780707662	268	P17_1	2020-07-21	56.438	9.951	10kmE431N370	1kmE4317N3703	Yes	Soil	Urban	Greenspaces	Parks			4100	SAMN39867441		published abundance column; reliable coordinates; first sample_id per habitat-class x 10-km cell; centroid seed then deterministic geographic maximin selection; sample_id tie-break
MFD04371	LIB-MJ229-A5_03.fastq.gz	/projects/microflora_danica/data/sequencing/data_flat/trimmed/LIB-MJ229-A5_03_R1.fastq.gz	LIB-MJ229-A5_03_R1.fastq.gz	urban_greenspaces_soil	Urban greenspace soil	4	21	maximise minimum great-circle distance	48.5409021742842	268	P17_1	2020-11-20	55.2543	10.6696	10kmE436N357	1kmE4363N3572	Yes	Soil	Urban	Greenspaces	Parks			4100	SAMN39868725		published abundance column; reliable coordinates; first sample_id per habitat-class x 10-km cell; centroid seed then deterministic geographic maximin selection; sample_id tie-break
MFD03829	LIB-MJ107-G9_02_v_LIB-MJ405-A8_01.fastq.gz	/projects/microflora_danica/data/sequencing/data_flat/trimmed/LIB-MJ107-G9_02_v_LIB-MJ405-A8_01_R1.fastq.gz	LIB-MJ107-G9_02_v_LIB-MJ405-A8_01_R1.fastq.gz	urban_greenspaces_soil	Urban greenspace soil	4	22	maximise minimum great-circle distance	48.4482177146836	268	P17_1	2020-08-11	56.2705	8.3104	10kmE421N368	1kmE4216N3686	Yes	Soil	Urban	Greenspaces	Parks			4100	SAMN39868206		published abundance column; reliable coordinates; first sample_id per habitat-class x 10-km cell; centroid seed then deterministic geographic maximin selection; sample_id tie-break
MFD03897	LIB-MJ129-B12_02_v_LIB-MJ406-E11_04.fastq.gz	/projects/microflora_danica/data/sequencing/data_flat/trimmed/LIB-MJ129-B12_02_v_LIB-MJ406-E11_04_R1.fastq.gz	LIB-MJ129-B12_02_v_LIB-MJ406-E11_04_R1.fastq.gz	urban_greenspaces_soil	Urban greenspace soil	4	23	maximise minimum great-circle distance	48.4196452734093	268	P17_1	2020-09-18	55.8537	9.481	10kmE428N363	1kmE4288N3638	Yes	Soil	Urban	Greenspaces	Parks			4100	SAMN39868273		published abundance column; reliable coordinates; first sample_id per habitat-class x 10-km cell; centroid seed then deterministic geographic maximin selection; sample_id tie-break
MFD02338	LIB-MJ090-F5_04.fastq.gz	/projects/microflora_danica/data/sequencing/data_flat/trimmed/LIB-MJ090-F5_04_R1.fastq.gz	LIB-MJ090-F5_04_R1.fastq.gz	urban_greenspaces_soil	Urban greenspace soil	4	24	maximise minimum great-circle distance	47.8820606772664	268	P17_1	2020-07-06	57.4549	9.9871	10kmE432N381	1kmE4320N3816	Yes	Soil	Urban	Greenspaces	Parks		svanelunden	4100	SAMN39867103		published abundance column; reliable coordinates; first sample_id per habitat-class x 10-km cell; centroid seed then deterministic geographic maximin selection; sample_id tie-break
MFD01428	LIB-MJ307-G2_01.fastq.gz	/projects/microflora_danica/data/sequencing/data_flat/trimmed/LIB-MJ307-G2_01_R1.fastq.gz	LIB-MJ307-G2_01_R1.fastq.gz	urban_greenspaces_soil	Urban greenspace soil	4	25	maximise minimum great-circle distance	46.6064908885348	268	P17_1	2021-06-24	54.7973	11.6393	10kmE442N352	1kmE4426N3522	Yes	Soil	Urban	Greenspaces	Parks			4100	SAMN39866355		published abundance column; reliable coordinates; first sample_id per habitat-class x 10-km cell; centroid seed then deterministic geographic maximin selection; sample_id tie-break
MFD09785	LIB-MJ347-H9_04_v_LIB-MJ368-H9_03.fastq.gz	/projects/microflora_danica/data/sequencing/data_flat/trimmed/LIB-MJ347-H9_04_v_LIB-MJ368-H9_03_R1.fastq.gz	LIB-MJ347-H9_04_v_LIB-MJ368-H9_03_R1.fastq.gz	urban_greenspaces_soil	Urban greenspace soil	4	26	maximise minimum great-circle distance	44.97346382509	268	P17_1	2022-04-27	55.748	11.9626	10kmE444N362	1kmE4444N3628	Yes	Soil	Urban	Greenspaces	Parks			4100	SAMN39873809		published abundance column; reliable coordinates; first sample_id per habitat-class x 10-km cell; centroid seed then deterministic geographic maximin selection; sample_id tie-break
MFD03617	LIB-MJ131-E9_01.fastq.gz	/projects/microflora_danica/data/sequencing/data_flat/trimmed/LIB-MJ131-E9_01_R1.fastq.gz	LIB-MJ131-E9_01_R1.fastq.gz	urban_greenspaces_soil	Urban greenspace soil	4	27	maximise minimum great-circle distance	44.6468869659688	268	P17_1	2020-09-27	54.9056	9.5893	10kmE429N353	1kmE4294N3533	Yes	Soil	Urban	Greenspaces	Parks			4100	SAMN39868018		published abundance column; reliable coordinates; first sample_id per habitat-class x 10-km cell; centroid seed then deterministic geographic maximin selection; sample_id tie-break
MFD06839	LIB-MJ201-A10_03.fastq.gz	/projects/microflora_danica/data/sequencing/data_flat/trimmed/LIB-MJ201-A10_03_R1.fastq.gz	LIB-MJ201-A10_03_R1.fastq.gz	urban_greenspaces_soil	Urban greenspace soil	4	28	maximise minimum great-circle distance	41.2078425085193	268	P17_1	2021-06-24	55.315	11.9761	10kmE444N358	1kmE4446N3580	Yes	Soil	Urban	Greenspaces	Parks			4100	SAMN39870964		published abundance column; reliable coordinates; first sample_id per habitat-class x 10-km cell; centroid seed then deterministic geographic maximin selection; sample_id tie-break
MFD04257	LIB-MJ228-G3_01.fastq.gz	/projects/microflora_danica/data/sequencing/data_flat/trimmed/LIB-MJ228-G3_01_R1.fastq.gz	LIB-MJ228-G3_01_R1.fastq.gz	urban_greenspaces_soil	Urban greenspace soil	4	29	maximise minimum great-circle distance	39.948267759333	268	P17_1	2020-11-21	55.611	10.5941	10kmE435N361	1kmE4358N3611	Yes	Soil	Urban	Greenspaces	Parks			4100	SAMN39868612		published abundance column; reliable coordinates; first sample_id per habitat-class x 10-km cell; centroid seed then deterministic geographic maximin selection; sample_id tie-break
MFD02294	LIB-MJ091-E8_03.fastq.gz	/projects/microflora_danica/data/sequencing/data_flat/trimmed/LIB-MJ091-E8_03_R1.fastq.gz	LIB-MJ091-E8_03_R1.fastq.gz	urban_greenspaces_soil	Urban greenspace soil	4	30	maximise minimum great-circle distance	39.3986270353872	268	P17_1	2020-07-08	56.7975	8.8722	10kmE425N374	1kmE4252N3744	Yes	Soil	Urban	Greenspaces	Parks			4100	SAMN39867060		published abundance column; reliable coordinates; first sample_id per habitat-class x 10-km cell; centroid seed then deterministic geographic maximin selection; sample_id tie-break
MFD02306	LIB-MJ090-E11_04.fastq.gz	/projects/microflora_danica/data/sequencing/data_flat/trimmed/LIB-MJ090-E11_04_R1.fastq.gz	LIB-MJ090-E11_04_R1.fastq.gz	urban_greenspaces_soil	Urban greenspace soil	4	31	maximise minimum great-circle distance	39.3332504225998	268	P17_1	2020-07-07	57.0863	9.2699	10kmE427N377	1kmE4276N3776	Yes	Soil	Urban	Greenspaces	Parks			4100	SAMN39867072		published abundance column; reliable coordinates; first sample_id per habitat-class x 10-km cell; centroid seed then deterministic geographic maximin selection; sample_id tie-break
MFD04401	LIB-MJ201-F7_03.fastq.gz	/projects/microflora_danica/data/sequencing/data_flat/trimmed/LIB-MJ201-F7_03_R1.fastq.gz	LIB-MJ201-F7_03_R1.fastq.gz	urban_greenspaces_soil	Urban greenspace soil	4	32	maximise minimum great-circle distance	39.0120117308878	268	P17_1	2021-06-18	57.1457	10.4022	10kmE434N378	1kmE4345N3782	Yes	Soil	Urban	Greenspaces	Other			4200	SAMN39868754		published abundance column; reliable coordinates; first sample_id per habitat-class x 10-km cell; centroid seed then deterministic geographic maximin selection; sample_id tie-break
MFD03664	LIB-MJ130-C9_01.fastq.gz	/projects/microflora_danica/data/sequencing/data_flat/trimmed/LIB-MJ130-C9_01_R1.fastq.gz	LIB-MJ130-C9_01_R1.fastq.gz	urban_greenspaces_soil	Urban greenspace soil	4	33	maximise minimum great-circle distance	36.8324839342965	268	P17_1	2020-09-26	55.1942	9.3055	10kmE427N356	1kmE4276N3565	Yes	Soil	Urban	Greenspaces	Parks			4100	SAMN39868057		published abundance column; reliable coordinates; first sample_id per habitat-class x 10-km cell; centroid seed then deterministic geographic maximin selection; sample_id tie-break
MFD02974	LIB-MJ140-E7_02.fastq.gz	/projects/microflora_danica/data/sequencing/data_flat/trimmed/LIB-MJ140-E7_02_R1.fastq.gz	LIB-MJ140-E7_02_R1.fastq.gz	urban_greenspaces_soil	Urban greenspace soil	4	34	maximise minimum great-circle distance	36.7034792536346	268	P17_1	2020-08-10	55.8394	8.8936	10kmE425N363	1kmE4251N3637	Yes	Soil	Urban	Greenspaces	Parks			4100	SAMN39867640		published abundance column; reliable coordinates; first sample_id per habitat-class x 10-km cell; centroid seed then deterministic geographic maximin selection; sample_id tie-break
MFD03906	LIB-MJ138-A1_03.fastq.gz	/projects/microflora_danica/data/sequencing/data_flat/trimmed/LIB-MJ138-A1_03_R1.fastq.gz	LIB-MJ138-A1_03_R1.fastq.gz	urban_greenspaces_soil	Urban greenspace soil	4	35	maximise minimum great-circle distance	33.8180431500662	268	P17_1	2020-08-14	55.4858	8.4404	10kmE422N359	1kmE4222N3598	Yes	Soil	Urban	Greenspaces	Parks			4100	SAMN39868281		published abundance column; reliable coordinates; first sample_id per habitat-class x 10-km cell; centroid seed then deterministic geographic maximin selection; sample_id tie-break
MFD03708	LIB-MJ137-G7_02.fastq.gz	/projects/microflora_danica/data/sequencing/data_flat/trimmed/LIB-MJ137-G7_02_R1.fastq.gz	LIB-MJ137-G7_02_R1.fastq.gz	urban_greenspaces_soil	Urban greenspace soil	4	36	maximise minimum great-circle distance	33.1922797482472	268	P17_1	2020-09-20	55.5218	9.627	10kmE429N360	1kmE4297N3601	Yes	Soil	Urban	Greenspaces	Parks			4100	SAMN39868093		published abundance column; reliable coordinates; first sample_id per habitat-class x 10-km cell; centroid seed then deterministic geographic maximin selection; sample_id tie-break
MFD09996	LIB-MJ280-D4_02.fastq.gz	/projects/microflora_danica/data/sequencing/data_flat/trimmed/LIB-MJ280-D4_02_R1.fastq.gz	LIB-MJ280-D4_02_R1.fastq.gz	urban_greenspaces_soil	Urban greenspace soil	4	37	maximise minimum great-circle distance	31.8890788114873	268	P17_1	2021-11-05	55.8525	12.5627	10kmE448N364	1kmE4481N3641	Yes	Soil	Urban	Greenspaces	Other			4200	SAMN39874000		published abundance column; reliable coordinates; first sample_id per habitat-class x 10-km cell; centroid seed then deterministic geographic maximin selection; sample_id tie-break
MFD02262	LIB-MJ132-F2_03.fastq.gz	/projects/microflora_danica/data/sequencing/data_flat/trimmed/LIB-MJ132-F2_03_R1.fastq.gz	LIB-MJ132-F2_03_R1.fastq.gz	urban_greenspaces_soil	Urban greenspace soil	4	38	maximise minimum great-circle distance	31.1841349834628	268	P17_1	2020-07-23	56.5113	8.5817	10kmE423N371	1kmE4233N3712	Yes	Soil	Urban	Greenspaces	Parks			4100	SAMN39867029		published abundance column; reliable coordinates; first sample_id per habitat-class x 10-km cell; centroid seed then deterministic geographic maximin selection; sample_id tie-break
MFD01397	LIB-MJ197-D8_03.fastq.gz	/projects/microflora_danica/data/sequencing/data_flat/trimmed/LIB-MJ197-D8_03_R1.fastq.gz	LIB-MJ197-D8_03_R1.fastq.gz	urban_greenspaces_soil	Urban greenspace soil	4	39	maximise minimum great-circle distance	30.5235272750698	268	P17_1	2021-06-23	54.8343	11.1289	10kmE439N352	1kmE4393N3525	Yes	Soil	Urban	Greenspaces	Parks			4100	SAMN39866326		published abundance column; reliable coordinates; first sample_id per habitat-class x 10-km cell; centroid seed then deterministic geographic maximin selection; sample_id tie-break
MFD01355	LIB-MJ190-A6_02.fastq.gz	/projects/microflora_danica/data/sequencing/data_flat/trimmed/LIB-MJ190-A6_02_R1.fastq.gz	LIB-MJ190-A6_02_R1.fastq.gz	urban_greenspaces_soil	Urban greenspace soil	4	40	maximise minimum great-circle distance	30.0095929242896	268	P17_1	2021-06-15	57.4609	10.5385	10kmE435N381	1kmE4353N3817	Yes	Soil	Urban	Greenspaces	Parks			4100	SAMN39866284		published abundance column; reliable coordinates; first sample_id per habitat-class x 10-km cell; centroid seed then deterministic geographic maximin selection; sample_id tie-break
MFD02296	LIB-MJ088-E3_04.fastq.gz	/projects/microflora_danica/data/sequencing/data_flat/trimmed/LIB-MJ088-E3_04_R1.fastq.gz	LIB-MJ088-E3_04_R1.fastq.gz	urban_greenspaces_soil	Urban greenspace soil	4	41	maximise minimum great-circle distance	29.2652347974655	268	P17_1	2020-07-07	57.1523	9.7392	10kmE430N378	1kmE4305N3783	Yes	Soil	Urban	Greenspaces	Parks			4100	SAMN39867062		published abundance column; reliable coordinates; first sample_id per habitat-class x 10-km cell; centroid seed then deterministic geographic maximin selection; sample_id tie-break
MFD03041	LIB-MJ171-E4_04.fastq.gz	/projects/microflora_danica/data/sequencing/data_flat/trimmed/LIB-MJ171-E4_04_R1.fastq.gz	LIB-MJ171-E4_04_R1.fastq.gz	urban_greenspaces_soil	Urban greenspace soil	4	42	maximise minimum great-circle distance	29.2533407851699	268	P17_1	2020-07-29	56.2708	10.3176	10kmE434N368	1kmE4340N3685	Yes	Soil	Urban	Greenspaces	Parks			4100	SAMN39867707		published abundance column; reliable coordinates; first sample_id per habitat-class x 10-km cell; centroid seed then deterministic geographic maximin selection; sample_id tie-break
MFD04355	LIB-MJ175-G2_02.fastq.gz	/projects/microflora_danica/data/sequencing/data_flat/trimmed/LIB-MJ175-G2_02_R1.fastq.gz	LIB-MJ175-G2_02_R1.fastq.gz	urban_greenspaces_soil	Urban greenspace soil	4	43	maximise minimum great-circle distance	29.1386226408935	268	P17_1	2020-11-15	55.5644	10.084	10kmE432N360	1kmE4326N3606	Yes	Soil	Urban	Greenspaces	Parks			4100	SAMN39868709		published abundance column; reliable coordinates; first sample_id per habitat-class x 10-km cell; centroid seed then deterministic geographic maximin selection; sample_id tie-break
MFD01394	LIB-MJ200-F4_04.fastq.gz	/projects/microflora_danica/data/sequencing/data_flat/trimmed/LIB-MJ200-F4_04_R1.fastq.gz	LIB-MJ200-F4_04_R1.fastq.gz	urban_greenspaces_soil	Urban greenspace soil	4	44	maximise minimum great-circle distance	29.0759508630554	268	P17_1	2021-06-22	55.2501	11.3023	10kmE440N357	1kmE4403N3572	Yes	Soil	Urban	Greenspaces	Parks			4100	SAMN39866323		published abundance column; reliable coordinates; first sample_id per habitat-class x 10-km cell; centroid seed then deterministic geographic maximin selection; sample_id tie-break
MFD02348	LIB-MJ145-B7_01.fastq.gz	/projects/microflora_danica/data/sequencing/data_flat/trimmed/LIB-MJ145-B7_01_R1.fastq.gz	LIB-MJ145-B7_01_R1.fastq.gz	urban_greenspaces_soil	Urban greenspace soil	4	45	maximise minimum great-circle distance	28.7420400917178	268	P17_1	2020-08-11	56.1905	8.7528	10kmE424N367	1kmE4243N3676	Yes	Soil	Urban	Greenspaces	Parks			4100	SAMN39867113		published abundance column; reliable coordinates; first sample_id per habitat-class x 10-km cell; centroid seed then deterministic geographic maximin selection; sample_id tie-break
MFD00586	LIB-MJ134-D2_03.fastq.gz	/projects/microflora_danica/data/sequencing/data_flat/trimmed/LIB-MJ134-D2_03_R1.fastq.gz	LIB-MJ134-D2_03_R1.fastq.gz	natural_bog_fen_soil	Natural bog/fen soil	5	1	nearest-to-class-centroid seed	0	145	P08_1	2020-04-15	56.03573	9.95066	10kmE431N365	1kmE4317N3659	Yes	Soil	Natural	Bogs, mires and fens	Calcareous fens	Petrifying springs	Oddervej skov	7220	SAMN39865458		published abundance column; reliable coordinates; first sample_id per habitat-class x 10-km cell; centroid seed then deterministic geographic maximin selection; sample_id tie-break
MFD06221	LIB-MJ337-E4_03.fastq.gz	/projects/microflora_danica/data/sequencing/data_flat/trimmed/LIB-MJ337-E4_03_R1.fastq.gz	LIB-MJ337-E4_03_R1.fastq.gz	natural_bog_fen_soil	Natural bog/fen soil	5	2	maximise minimum great-circle distance	338.800748281293	145	P08_5	2021-07-06	55.010096	15.020667	10kmE464N355	1kmE4642N3556	Yes	Soil	Natural	Bogs, mires and fens	Calcareous fens	Cladium fens	Avneknippemose	7210	SAMN39870400		published abundance column; reliable coordinates; first sample_id per habitat-class x 10-km cell; centroid seed then deterministic geographic maximin selection; sample_id tie-break
MFD00248	LIB-MJ405-A12_01.fastq.gz	/projects/microflora_danica/data/sequencing/data_flat/trimmed/LIB-MJ405-A12_01_R1.fastq.gz	LIB-MJ405-A12_01_R1.fastq.gz	natural_bog_fen_soil	Natural bog/fen soil	5	3	maximise minimum great-circle distance	181.019710648443	145	P01_1	2014-11-17	57.6447	10.4039	10kmE434N383	1kmE4345N3838	Yes	Soil	Natural	Bogs, mires and fens	Sphagnum acid bogs	Rhynchosporion depressions	råbjerg mile	7150	SAMN39865122		published abundance column; reliable coordinates; first sample_id per habitat-class x 10-km cell; centroid seed then deterministic geographic maximin selection; sample_id tie-break
MFD01777	LIB-MJ197-A9_03.fastq.gz	/projects/microflora_danica/data/sequencing/data_flat/trimmed/LIB-MJ197-A9_03_R1.fastq.gz	LIB-MJ197-A9_03_R1.fastq.gz	natural_bog_fen_soil	Natural bog/fen soil	5	4	maximise minimum great-circle distance	177.836165577551	145	P08_1	2021-10-09	54.94319	12.23622	10kmE446N353	1kmE4464N3539	Yes	Soil	Natural	Bogs, mires and fens	Wet thicket  (non-habitat type)		Ny Æbelnæs 2	7700	SAMN39866699		published abundance column; reliable coordinates; first sample_id per habitat-class x 10-km cell; centroid seed then deterministic geographic maximin selection; sample_id tie-break
MFD01615	LIB-MJ262-D3_03.fastq.gz	/projects/microflora_danica/data/sequencing/data_flat/trimmed/LIB-MJ262-D3_03_R1.fastq.gz	LIB-MJ262-D3_03_R1.fastq.gz	natural_bog_fen_soil	Natural bog/fen soil	5	5	maximise minimum great-circle distance	137.603744596699	145	P08_1	2020-10-13	56.89093	8.33151	10kmE421N375	1kmE4219N3755	Yes	Soil	Natural	Bogs, mires and fens	Sphagnum acid bogs	Rhynchosporion depressions	Thy	7150	SAMN39866540		published abundance column; reliable coordinates; first sample_id per habitat-class x 10-km cell; centroid seed then deterministic geographic maximin selection; sample_id tie-break
MFD04883	LIB-MJ199-B2_04.fastq.gz	/projects/microflora_danica/data/sequencing/data_flat/trimmed/LIB-MJ199-B2_04_R1.fastq.gz	LIB-MJ199-B2_04_R1.fastq.gz	natural_bog_fen_soil	Natural bog/fen soil	5	6	maximise minimum great-circle distance	137.185523124263	145	P08_1	2021-09-22	54.84727	9.36677	10kmE428N352	1kmE4280N3527	Yes	Soil	Natural	Bogs, mires and fens	Wet thicket  (non-habitat type)		Skov 2 Bov Byskov, Kruså	7700	SAMN39869216		published abundance column; reliable coordinates; first sample_id per habitat-class x 10-km cell; centroid seed then deterministic geographic maximin selection; sample_id tie-break
MFD04473	LIB-MJ214-C2_02.fastq.gz	/projects/microflora_danica/data/sequencing/data_flat/trimmed/LIB-MJ214-C2_02_R1.fastq.gz	LIB-MJ214-C2_02_R1.fastq.gz	natural_bog_fen_soil	Natural bog/fen soil	5	7	maximise minimum great-circle distance	125.458385670468	145	P08_1	2021-06-05	56.05745	12.54923	10kmE447N366	1kmE4479N3664	Yes	Soil	Natural	Bogs, mires and fens	Wet thicket  (non-habitat type)		Hellebæk	7700	SAMN39868824		published abundance column; reliable coordinates; first sample_id per habitat-class x 10-km cell; centroid seed then deterministic geographic maximin selection; sample_id tie-break
MFD00283	LIB-MJ051-A9_02.fastq.gz	/projects/microflora_danica/data/sequencing/data_flat/trimmed/LIB-MJ051-A9_02_R1.fastq.gz	LIB-MJ051-A9_02_R1.fastq.gz	natural_bog_fen_soil	Natural bog/fen soil	5	8	maximise minimum great-circle distance	113.997420300726	145	P01_1	2014-11-10	55.6738	8.2417	10kmE421N362	1kmE4210N3620	Yes	Soil	Natural	Bogs, mires and fens	Calcareous fens	Alkaline fens	vrøgum kær	7230	SAMN39865157		published abundance column; reliable coordinates; first sample_id per habitat-class x 10-km cell; centroid seed then deterministic geographic maximin selection; sample_id tie-break
MFD01042	LIB-MJ088-D3_04.fastq.gz	/projects/microflora_danica/data/sequencing/data_flat/trimmed/LIB-MJ088-D3_04_R1.fastq.gz	LIB-MJ088-D3_04_R1.fastq.gz	natural_bog_fen_soil	Natural bog/fen soil	5	9	maximise minimum great-circle distance	91.9535664519378	145	P08_1	2020-05-19	56.86119	9.86066	10kmE431N375	1kmE4312N3750	Yes	Soil	Natural	Bogs, mires and fens	Calcareous fens	Alkaline fens	Rold skov	7230	SAMN39865837		published abundance column; reliable coordinates; first sample_id per habitat-class x 10-km cell; centroid seed then deterministic geographic maximin selection; sample_id tie-break
MFD00337	LIB-MJ048-A10_04.fastq.gz	/projects/microflora_danica/data/sequencing/data_flat/trimmed/LIB-MJ048-A10_04_R1.fastq.gz	LIB-MJ048-A10_04_R1.fastq.gz	natural_bog_fen_soil	Natural bog/fen soil	5	10	maximise minimum great-circle distance	88.2734994703374	145	P01_1	2014-10-23	55.7036	11.2358	10kmE439N362	1kmE4398N3622	Yes	Soil	Natural	Bogs, mires and fens	Calcareous fens	Alkaline fens	kaldred kær	7230	SAMN39865211		published abundance column; reliable coordinates; first sample_id per habitat-class x 10-km cell; centroid seed then deterministic geographic maximin selection; sample_id tie-break
MFD04222	LIB-MJ200-C12_04.fastq.gz	/projects/microflora_danica/data/sequencing/data_flat/trimmed/LIB-MJ200-C12_04_R1.fastq.gz	LIB-MJ200-C12_04_R1.fastq.gz	natural_bog_fen_soil	Natural bog/fen soil	5	11	maximise minimum great-circle distance	87.9647447083788	145	P08_1	2021-09-22	54.79096	10.73634	10kmE436N352	1kmE4368N3520	Yes	Soil	Natural	Bogs, mires and fens	Wet thicket  (non-habitat type)		Fredmosen	7700	SAMN39868577		published abundance column; reliable coordinates; first sample_id per habitat-class x 10-km cell; centroid seed then deterministic geographic maximin selection; sample_id tie-break
MFD01537	LIB-MJ129-G2_02.fastq.gz	/projects/microflora_danica/data/sequencing/data_flat/trimmed/LIB-MJ129-G2_02_R1.fastq.gz	LIB-MJ129-G2_02_R1.fastq.gz	natural_bog_fen_soil	Natural bog/fen soil	5	12	maximise minimum great-circle distance	70.3657953791299	145	P08_1	2020-07-14	55.48443	9.39848	10kmE428N359	1kmE4282N3597	Yes	Soil	Natural	Bogs, mires and fens	Calcareous fens	Alkaline fens	Kos-Gelballe_mose-107	7230	SAMN39866463		published abundance column; reliable coordinates; first sample_id per habitat-class x 10-km cell; centroid seed then deterministic geographic maximin selection; sample_id tie-break
MFD01238	LIB-MJ107-C7_02.fastq.gz	/projects/microflora_danica/data/sequencing/data_flat/trimmed/LIB-MJ107-C7_02_R1.fastq.gz	LIB-MJ107-C7_02_R1.fastq.gz	natural_bog_fen_soil	Natural bog/fen soil	5	13	maximise minimum great-circle distance	67.900906450511	145	P08_1	2020-04-28	56.5336	10.79926	10kmE437N371	1kmE4370N3714	Yes	Soil	Natural	Bogs, mires and fens	Wet thicket  (non-habitat type)		Gjerrild	7700	SAMN39866169		published abundance column; reliable coordinates; first sample_id per habitat-class x 10-km cell; centroid seed then deterministic geographic maximin selection; sample_id tie-break
MFD06126	LIB-MJ342-H10_02.fastq.gz	/projects/microflora_danica/data/sequencing/data_flat/trimmed/LIB-MJ342-H10_02_R1.fastq.gz	LIB-MJ342-H10_02_R1.fastq.gz	natural_bog_fen_soil	Natural bog/fen soil	5	14	maximise minimum great-circle distance	64.410950988563	145	P08_5	2022-03-16	56.24678393	8.39363231	10kmE422N368	1kmE4221N3683	Yes	Soil	Natural	Bogs, mires and fens	Sphagnum acid bogs		Mose	7100	SAMN39870305		published abundance column; reliable coordinates; first sample_id per habitat-class x 10-km cell; centroid seed then deterministic geographic maximin selection; sample_id tie-break
MFD01454	LIB-MJ254-G8_02.fastq.gz	/projects/microflora_danica/data/sequencing/data_flat/trimmed/LIB-MJ254-G8_02_R1.fastq.gz	LIB-MJ254-G8_02_R1.fastq.gz	natural_bog_fen_soil	Natural bog/fen soil	5	15	maximise minimum great-circle distance	61.3141333415342	145	P08_1	2021-05-20	55.33419	10.33303	10kmE434N358	1kmE4342N3581	Yes	Soil	Natural	Bogs, mires and fens	Calcareous fens	Alkaline fens	Eng-28	7230	SAMN39866380		published abundance column; reliable coordinates; first sample_id per habitat-class x 10-km cell; centroid seed then deterministic geographic maximin selection; sample_id tie-break
MFD02579	LIB-MJ134-B6_03.fastq.gz	/projects/microflora_danica/data/sequencing/data_flat/trimmed/LIB-MJ134-B6_03_R1.fastq.gz	LIB-MJ134-B6_03_R1.fastq.gz	natural_bog_fen_soil	Natural bog/fen soil	5	16	maximise minimum great-circle distance	53.5983361953635	145	P08_1	2020-08-29	57.28029	10.99053	10kmE438N379	1kmE4380N3797	Yes	Soil	Natural	Bogs, mires and fens	Sphagnum acid bogs	Rhynchosporion depressions	Læsø	7150	SAMN39867332		published abundance column; reliable coordinates; first sample_id per habitat-class x 10-km cell; centroid seed then deterministic geographic maximin selection; sample_id tie-break
MFD00425	LIB-MJ054-F1_03.fastq.gz	/projects/microflora_danica/data/sequencing/data_flat/trimmed/LIB-MJ054-F1_03_R1.fastq.gz	LIB-MJ054-F1_03_R1.fastq.gz	natural_bog_fen_soil	Natural bog/fen soil	5	17	maximise minimum great-circle distance	51.4570539483553	145	P01_2	2018-07-10	56.4108	9.4631	10kmE428N370	1kmE4287N3700	Yes	Soil	Natural	Bogs, mires and fens	Wet thicket  (non-habitat type)		vinkelvej	7700	SAMN39865298		published abundance column; reliable coordinates; first sample_id per habitat-class x 10-km cell; centroid seed then deterministic geographic maximin selection; sample_id tie-break
MFD06769	LIB-MJ337-F1_03_v_LIB-MJ404-E1_03.fastq.gz	/projects/microflora_danica/data/sequencing/data_flat/trimmed/LIB-MJ337-F1_03_v_LIB-MJ404-E1_03_R1.fastq.gz	LIB-MJ337-F1_03_v_LIB-MJ404-E1_03_R1.fastq.gz	natural_bog_fen_soil	Natural bog/fen soil	5	18	maximise minimum great-circle distance	49.6499423148954	145	P08_5	2021-07-13	55.389483	12.260703	10kmE446N358	1kmE4464N3589	Yes	Soil	Natural	Bogs, mires and fens	Calcareous fens	Alkaline fens	Rigkær	7230	SAMN39870906		published abundance column; reliable coordinates; first sample_id per habitat-class x 10-km cell; centroid seed then deterministic geographic maximin selection; sample_id tie-break
MFD06752	LIB-MJ336-H4_02.fastq.gz	/projects/microflora_danica/data/sequencing/data_flat/trimmed/LIB-MJ336-H4_02_R1.fastq.gz	LIB-MJ336-H4_02_R1.fastq.gz	natural_bog_fen_soil	Natural bog/fen soil	5	19	maximise minimum great-circle distance	49.2624489784557	145	P08_5	2021-07-24	54.759892	11.535621	10kmE441N351	1kmE4419N3518	Yes	Soil	Natural	Bogs, mires and fens	Calcareous fens	Alkaline fens	Rigkær	7230	SAMN39870894		published abundance column; reliable coordinates; first sample_id per habitat-class x 10-km cell; centroid seed then deterministic geographic maximin selection; sample_id tie-break
MFD00438	LIB-MJ048-D11_04.fastq.gz	/projects/microflora_danica/data/sequencing/data_flat/trimmed/LIB-MJ048-D11_04_R1.fastq.gz	LIB-MJ048-D11_04_R1.fastq.gz	natural_bog_fen_soil	Natural bog/fen soil	5	20	maximise minimum great-circle distance	48.7696302123087	145	P01_2	2018-08-03	56.0031	9.1681	10kmE426N365	1kmE4269N3655	Yes	Soil	Natural	Bogs, mires and fens	Sphagnum acid bogs	Quaking bogs	fasterholt	7140	SAMN39865311		published abundance column; reliable coordinates; first sample_id per habitat-class x 10-km cell; centroid seed then deterministic geographic maximin selection; sample_id tie-break
MFD02401	LIB-MJ147-A1_02.fastq.gz	/projects/microflora_danica/data/sequencing/data_flat/trimmed/LIB-MJ147-A1_02_R1.fastq.gz	LIB-MJ147-A1_02_R1.fastq.gz	natural_bog_fen_soil	Natural bog/fen soil	5	21	maximise minimum great-circle distance	47.63433546768	145	P08_1	2020-08-17	57.39066	9.76161	10kmE430N380	1kmE4306N3809	Yes	Soil	Natural	Bogs, mires and fens	Calcareous fens	Alkaline fens	5412-3	7230	SAMN39867166		published abundance column; reliable coordinates; first sample_id per habitat-class x 10-km cell; centroid seed then deterministic geographic maximin selection; sample_id tie-break
MFD00115	LIB-MJ050-E7_02.fastq.gz	/projects/microflora_danica/data/sequencing/data_flat/trimmed/LIB-MJ050-E7_02_R1.fastq.gz	LIB-MJ050-E7_02_R1.fastq.gz	natural_bog_fen_soil	Natural bog/fen soil	5	22	maximise minimum great-circle distance	44.5489696644595	145	P08_1	2019-08-29	55.31663	11.41903	10kmE441N357	1kmE4411N3579	Yes	Soil	Natural	Bogs, mires and fens	Calcareous fens	Petrifying springs	Mose-44	7220	SAMN39865045		published abundance column; reliable coordinates; first sample_id per habitat-class x 10-km cell; centroid seed then deterministic geographic maximin selection; sample_id tie-break
MFD05360	LIB-MJ177-E4_03.fastq.gz	/projects/microflora_danica/data/sequencing/data_flat/trimmed/LIB-MJ177-E4_03_R1.fastq.gz	LIB-MJ177-E4_03_R1.fastq.gz	natural_bog_fen_soil	Natural bog/fen soil	5	23	maximise minimum great-circle distance	39.4752535106309	145	P08_1	2021-07-26	56.5088	8.82624	10kmE424N371	1kmE4248N3712	Yes	Soil	Natural	Bogs, mires and fens	Sphagnum acid bogs	Rhynchosporion depressions	Skånsø (Vinderup)	7150	SAMN39869687		published abundance column; reliable coordinates; first sample_id per habitat-class x 10-km cell; centroid seed then deterministic geographic maximin selection; sample_id tie-break
MFD06762	LIB-MJ389-H6_03.fastq.gz	/projects/microflora_danica/data/sequencing/data_flat/trimmed/LIB-MJ389-H6_03_R1.fastq.gz	LIB-MJ389-H6_03_R1.fastq.gz	natural_bog_fen_soil	Natural bog/fen soil	5	24	maximise minimum great-circle distance	38.0747068462913	145	P08_5	2022-05-17	55.704087	11.843488	10kmE443N362	1kmE4436N3623	Yes	Soil	Natural	Bogs, mires and fens	Calcareous fens	Alkaline fens		7230	SAMN39874956		published abundance column; reliable coordinates; first sample_id per habitat-class x 10-km cell; centroid seed then deterministic geographic maximin selection; sample_id tie-break
MFD00306	LIB-MJ051-E3_02.fastq.gz	/projects/microflora_danica/data/sequencing/data_flat/trimmed/LIB-MJ051-E3_02_R1.fastq.gz	LIB-MJ051-E3_02_R1.fastq.gz	natural_bog_fen_soil	Natural bog/fen soil	5	25	maximise minimum great-circle distance	37.3518029351702	145	P01_1	2014-11-13	56.2243	10.5626	10kmE435N368	1kmE4355N3680	Yes	Soil	Natural	Bogs, mires and fens	Sphagnum acid bogs	Quaking bogs	langemose	7140	SAMN39865180		published abundance column; reliable coordinates; first sample_id per habitat-class x 10-km cell; centroid seed then deterministic geographic maximin selection; sample_id tie-break
MFD04899	LIB-MJ256-H8_03.fastq.gz	/projects/microflora_danica/data/sequencing/data_flat/trimmed/LIB-MJ256-H8_03_R1.fastq.gz	LIB-MJ256-H8_03_R1.fastq.gz	natural_bog_fen_soil	Natural bog/fen soil	5	26	maximise minimum great-circle distance	37.2320681485827	145	P08_1	2021-10-16	57.19251	10.26111	10kmE433N378	1kmE4336N3787	Yes	Soil	Natural	Bogs, mires and fens	Sphagnum acid bogs	Quaking bogs	Sømose, jyske ås	7140	SAMN39869230		published abundance column; reliable coordinates; first sample_id per habitat-class x 10-km cell; centroid seed then deterministic geographic maximin selection; sample_id tie-break
MFD05053	LIB-MJ197-C4_03.fastq.gz	/projects/microflora_danica/data/sequencing/data_flat/trimmed/LIB-MJ197-C4_03_R1.fastq.gz	LIB-MJ197-C4_03_R1.fastq.gz	natural_bog_fen_soil	Natural bog/fen soil	5	27	maximise minimum great-circle distance	35.446542466762	145	P08_1	2021-09-21	56.94193	8.90798	10kmE425N376	1kmE4254N3760	Yes	Soil	Natural	Bogs, mires and fens	Calcareous fens	Petrifying springs	Hulhøj 7	7220	SAMN39869381		published abundance column; reliable coordinates; first sample_id per habitat-class x 10-km cell; centroid seed then deterministic geographic maximin selection; sample_id tie-break
MFD04771	LIB-MJ201-D1_03.fastq.gz	/projects/microflora_danica/data/sequencing/data_flat/trimmed/LIB-MJ201-D1_03_R1.fastq.gz	LIB-MJ201-D1_03_R1.fastq.gz	natural_bog_fen_soil	Natural bog/fen soil	5	28	maximise minimum great-circle distance	35.1100335596404	145	P08_1	2021-09-22	57.13559	9.41745	10kmE428N378	1kmE4285N3781	Yes	Soil	Natural	Bogs, mires and fens	Sphagnum acid bogs	Quaking bogs	Fosdal 11	7140	SAMN39869107		published abundance column; reliable coordinates; first sample_id per habitat-class x 10-km cell; centroid seed then deterministic geographic maximin selection; sample_id tie-break
MFD02694	LIB-MJ137-A4_02.fastq.gz	/projects/microflora_danica/data/sequencing/data_flat/trimmed/LIB-MJ137-A4_02_R1.fastq.gz	LIB-MJ137-A4_02_R1.fastq.gz	natural_bog_fen_soil	Natural bog/fen soil	5	29	maximise minimum great-circle distance	35.0647220278618	145	P08_1	2020-09-12	55.50723	8.71553	10kmE423N360	1kmE4239N3601	Yes	Soil	Natural	Bogs, mires and fens	Wet thicket  (non-habitat type)		Energinet 4	7700	SAMN39867376		published abundance column; reliable coordinates; first sample_id per habitat-class x 10-km cell; centroid seed then deterministic geographic maximin selection; sample_id tie-break
MFD00506	LIB-MJ048-F5_04.fastq.gz	/projects/microflora_danica/data/sequencing/data_flat/trimmed/LIB-MJ048-F5_04_R1.fastq.gz	LIB-MJ048-F5_04_R1.fastq.gz	natural_bog_fen_soil	Natural bog/fen soil	5	30	maximise minimum great-circle distance	32.6110083938329	145	P02_1	2015-07-08	56.5423	10.2676	10kmE433N371	1kmE4337N3715	Yes	Soil	Natural	Bogs, mires and fens	Calcareous fens	Alkaline fens	holbæk sogn	7230	SAMN39865378		published abundance column; reliable coordinates; first sample_id per habitat-class x 10-km cell; centroid seed then deterministic geographic maximin selection; sample_id tie-break
MFD02467	LIB-MJ145-F5_01_v_LIB-MJ405-E10_01.fastq.gz	/projects/microflora_danica/data/sequencing/data_flat/trimmed/LIB-MJ145-F5_01_v_LIB-MJ405-E10_01_R1.fastq.gz	LIB-MJ145-F5_01_v_LIB-MJ405-E10_01_R1.fastq.gz	natural_bog_fen_soil	Natural bog/fen soil	5	31	maximise minimum great-circle distance	32.1341176987673	145	P08_1	2020-09-13	54.98097	8.92105	10kmE425N354	1kmE4251N3542	Yes	Soil	Natural	Bogs, mires and fens	Wet thicket  (non-habitat type)		Energinet 21	7700	SAMN39867231		published abundance column; reliable coordinates; first sample_id per habitat-class x 10-km cell; centroid seed then deterministic geographic maximin selection; sample_id tie-break
MFD05730	LIB-MJ175-F9_02.fastq.gz	/projects/microflora_danica/data/sequencing/data_flat/trimmed/LIB-MJ175-F9_02_R1.fastq.gz	LIB-MJ175-F9_02_R1.fastq.gz	natural_bog_fen_soil	Natural bog/fen soil	5	32	maximise minimum great-circle distance	32.0188800278863	145	P08_1	2021-07-21	55.27292	9.7424	10kmE430N357	1kmE4304N3574	Yes	Soil	Natural	Bogs, mires and fens	Calcareous fens		Årø	7200	SAMN39870052		published abundance column; reliable coordinates; first sample_id per habitat-class x 10-km cell; centroid seed then deterministic geographic maximin selection; sample_id tie-break
MFD06711	LIB-MJ301-H2_01_v_LIB-MJ408-B2_04.fastq.gz	/projects/microflora_danica/data/sequencing/data_flat/trimmed/LIB-MJ301-H2_01_v_LIB-MJ408-B2_04_R1.fastq.gz	LIB-MJ301-H2_01_v_LIB-MJ408-B2_04_R1.fastq.gz	natural_bog_fen_soil	Natural bog/fen soil	5	33	maximise minimum great-circle distance	31.3587454490014	145	P08_5	2021-07-20	55.061314	10.457805	10kmE435N355	1kmE4350N3550	Yes	Soil	Natural	Bogs, mires and fens	Calcareous fens	Petrifying springs	Kildevæld	7220	SAMN39870862		published abundance column; reliable coordinates; first sample_id per habitat-class x 10-km cell; centroid seed then deterministic geographic maximin selection; sample_id tie-break
MFD00864	LIB-MJ132-A5_03.fastq.gz	/projects/microflora_danica/data/sequencing/data_flat/trimmed/LIB-MJ132-A5_03_R1.fastq.gz	LIB-MJ132-A5_03_R1.fastq.gz	natural_bog_fen_soil	Natural bog/fen soil	5	34	maximise minimum great-circle distance	31.2244740795867	145	P08_1	2020-05-26	55.80311	12.33678	10kmE446N363	1kmE4467N3635	Yes	Soil	Natural	Bogs, mires and fens	Calcareous fens	Alkaline fens	Farum Sortemose	7230	SAMN39865667		published abundance column; reliable coordinates; first sample_id per habitat-class x 10-km cell; centroid seed then deterministic geographic maximin selection; sample_id tie-break
MFD05378	LIB-MJ197-E8_03.fastq.gz	/projects/microflora_danica/data/sequencing/data_flat/trimmed/LIB-MJ197-E8_03_R1.fastq.gz	LIB-MJ197-E8_03_R1.fastq.gz	natural_bog_fen_soil	Natural bog/fen soil	5	35	maximise minimum great-circle distance	30.3234130026505	145	P08_1	2021-07-28	56.71072	9.17225	10kmE427N373	1kmE4270N3734	Yes	Soil	Natural	Bogs, mires and fens	Calcareous fens	Alkaline fens	Sundsøre	7230	SAMN39869705		published abundance column; reliable coordinates; first sample_id per habitat-class x 10-km cell; centroid seed then deterministic geographic maximin selection; sample_id tie-break
MFD00591	LIB-MJ129-A3_02.fastq.gz	/projects/microflora_danica/data/sequencing/data_flat/trimmed/LIB-MJ129-A3_02_R1.fastq.gz	LIB-MJ129-A3_02_R1.fastq.gz	natural_bog_fen_soil	Natural bog/fen soil	5	36	maximise minimum great-circle distance	30.0656968176294	145	P08_1	2020-04-20	55.56346	10.0803	10kmE432N360	1kmE4326N3606	Yes	Soil	Natural	Bogs, mires and fens	Calcareous fens		Nord fyn / Bogense	7200	SAMN39865463		published abundance column; reliable coordinates; first sample_id per habitat-class x 10-km cell; centroid seed then deterministic geographic maximin selection; sample_id tie-break
MFD01155	LIB-MJ093-B9_02.fastq.gz	/projects/microflora_danica/data/sequencing/data_flat/trimmed/LIB-MJ093-B9_02_R1.fastq.gz	LIB-MJ093-B9_02_R1.fastq.gz	natural_bog_fen_soil	Natural bog/fen soil	5	37	maximise minimum great-circle distance	29.0256505310625	145	P08_1	2020-05-12	55.74495	9.42746	10kmE428N362	1kmE4285N3626	Yes	Soil	Natural	Bogs, mires and fens	Sphagnum acid bogs	Quaking bogs	Vejle/Jelling	7140	SAMN39866095		published abundance column; reliable coordinates; first sample_id per habitat-class x 10-km cell; centroid seed then deterministic geographic maximin selection; sample_id tie-break
MFD01567	LIB-MJ134-C1_03.fastq.gz	/projects/microflora_danica/data/sequencing/data_flat/trimmed/LIB-MJ134-C1_03_R1.fastq.gz	LIB-MJ134-C1_03_R1.fastq.gz	natural_bog_fen_soil	Natural bog/fen soil	5	38	maximise minimum great-circle distance	26.0703328554997	145	P08_1	2020-07-23	56.17807	9.61657	10kmE429N367	1kmE4297N3674	Yes	Soil	Natural	Bogs, mires and fens	Sphagnum acid bogs	Quaking bogs	Silk 14	7140	SAMN39866493		published abundance column; reliable coordinates; first sample_id per habitat-class x 10-km cell; centroid seed then deterministic geographic maximin selection; sample_id tie-break
MFD00977	LIB-MJ090-A6_04.fastq.gz	/projects/microflora_danica/data/sequencing/data_flat/trimmed/LIB-MJ090-A6_04_R1.fastq.gz	LIB-MJ090-A6_04_R1.fastq.gz	natural_bog_fen_soil	Natural bog/fen soil	5	39	maximise minimum great-circle distance	25.8010999157341	145	P08_1	2020-05-12	56.25521	10.08581	10kmE432N368	1kmE4326N3683	Yes	Soil	Natural	Bogs, mires and fens	Calcareous fens	Petrifying springs	Søftendalen	7220	SAMN39865776		published abundance column; reliable coordinates; first sample_id per habitat-class x 10-km cell; centroid seed then deterministic geographic maximin selection; sample_id tie-break
MFD00778	LIB-MJ106-E9_01.fastq.gz	/projects/microflora_danica/data/sequencing/data_flat/trimmed/LIB-MJ106-E9_01_R1.fastq.gz	LIB-MJ106-E9_01_R1.fastq.gz	natural_bog_fen_soil	Natural bog/fen soil	5	40	maximise minimum great-circle distance	25.4268032473729	145	P08_1	2020-04-07	55.07303	9.43009	10kmE428N355	1kmE4284N3552	Yes	Soil	Natural	Bogs, mires and fens	Calcareous fens	Alkaline fens	Hadsten mose	7230	SAMN39865644		published abundance column; reliable coordinates; first sample_id per habitat-class x 10-km cell; centroid seed then deterministic geographic maximin selection; sample_id tie-break
MFD02380	LIB-MJ261-D6_01.fastq.gz	/projects/microflora_danica/data/sequencing/data_flat/trimmed/LIB-MJ261-D6_01_R1.fastq.gz	LIB-MJ261-D6_01_R1.fastq.gz	natural_bog_fen_soil	Natural bog/fen soil	5	41	maximise minimum great-circle distance	24.7695977950885	145	P08_1	2020-10-08	56.88601	9.45558	10kmE428N375	1kmE4287N3753	Yes	Soil	Natural	Bogs, mires and fens	Sphagnum acid bogs	Quaking bogs	1110-33	7140	SAMN39867145		published abundance column; reliable coordinates; first sample_id per habitat-class x 10-km cell; centroid seed then deterministic geographic maximin selection; sample_id tie-break
MFD01760	LIB-MJ192-G4_04.fastq.gz	/projects/microflora_danica/data/sequencing/data_flat/trimmed/LIB-MJ192-G4_04_R1.fastq.gz	LIB-MJ192-G4_04_R1.fastq.gz	natural_bog_fen_soil	Natural bog/fen soil	5	42	maximise minimum great-circle distance	24.4526031605001	145	P08_1	2021-10-14	55.29107	11.80274	10kmE443N357	1kmE4435N3577	Yes	Soil	Natural	Bogs, mires and fens	Sphagnum acid bogs	Degraded raised bog	Holmegaard mose	7120	SAMN39866682		published abundance column; reliable coordinates; first sample_id per habitat-class x 10-km cell; centroid seed then deterministic geographic maximin selection; sample_id tie-break
MFD00037	LIB-MJ050-G8_02.fastq.gz	/projects/microflora_danica/data/sequencing/data_flat/trimmed/LIB-MJ050-G8_02_R1.fastq.gz	LIB-MJ050-G8_02_R1.fastq.gz	natural_bog_fen_soil	Natural bog/fen soil	5	43	maximise minimum great-circle distance	23.3587174579485	145	P08_1	2019-08-21	56.44228	9.83868	10kmE431N370	1kmE4311N3704	Yes	Soil	Natural	Bogs, mires and fens	Calcareous fens		mose-2468	7200	SAMN39864969		published abundance column; reliable coordinates; first sample_id per habitat-class x 10-km cell; centroid seed then deterministic geographic maximin selection; sample_id tie-break
MFD00319	LIB-MJ055-F5_04.fastq.gz	/projects/microflora_danica/data/sequencing/data_flat/trimmed/LIB-MJ055-F5_04_R1.fastq.gz	LIB-MJ055-F5_04_R1.fastq.gz	natural_bog_fen_soil	Natural bog/fen soil	5	44	maximise minimum great-circle distance	22.6731670329443	145	P01_1	2014-11-04	55.6066	9.6931	10kmE430N361	1kmE4301N3611	Yes	Soil	Natural	Bogs, mires and fens			rands fjord	7007	SAMN39865193		published abundance column; reliable coordinates; first sample_id per habitat-class x 10-km cell; centroid seed then deterministic geographic maximin selection; sample_id tie-break
MFD02429	LIB-MJ261-B1_01_v_LIB-MJ409-F4_01.fastq.gz	/projects/microflora_danica/data/sequencing/data_flat/trimmed/LIB-MJ261-B1_01_v_LIB-MJ409-F4_01_R1.fastq.gz	LIB-MJ261-B1_01_v_LIB-MJ409-F4_01_R1.fastq.gz	natural_bog_fen_soil	Natural bog/fen soil	5	45	maximise minimum great-circle distance	22.3775280980336	145	P08_1	2020-10-13	57.17368	9.78179	10kmE430N378	1kmE4307N3785	Yes	Soil	Natural	Bogs, mires and fens	Sphagnum acid bogs	Active raised bogs	1104-21	7110	SAMN39867193		published abundance column; reliable coordinates; first sample_id per habitat-class x 10-km cell; centroid seed then deterministic geographic maximin selection; sample_id tie-break
MFD00227	LIB-MJ051-F5_02.fastq.gz	/projects/microflora_danica/data/sequencing/data_flat/trimmed/LIB-MJ051-F5_02_R1.fastq.gz	LIB-MJ051-F5_02_R1.fastq.gz	natural_freshwater_sediment	Natural freshwater sediment	6	1	nearest-to-class-centroid seed	0	245	P10_2	2018-11-22	55.9829615	10.0005466	10kmE432N365	1kmE4321N3653	Yes	Sediment	Natural	Freshwater	Running freshwater		Gudenå	3200	SAMN39865119	homogenized sediment, nstr. udløb fra assendrup dampbrug 609-17, env= downstream fish farm, agriculture	published abundance column; reliable coordinates; first sample_id per habitat-class x 10-km cell; centroid seed then deterministic geographic maximin selection; sample_id tie-break
MFD09398	LIB-MJ198-E10_03.fastq.gz	/projects/microflora_danica/data/sequencing/data_flat/trimmed/LIB-MJ198-E10_03_R1.fastq.gz	LIB-MJ198-E10_03_R1.fastq.gz	natural_freshwater_sediment	Natural freshwater sediment	6	2	maximise minimum great-circle distance	325.440999198145	245	P09_1	2021-09-28	55.1317885205087	14.953041317524	10kmE463N356	1kmE4636N3569	Yes	Sediment	Natural	Freshwater	Standing freshwater	Lake, Rich pondweed	Bornholm	3150	SAMN39873443		published abundance column; reliable coordinates; first sample_id per habitat-class x 10-km cell; centroid seed then deterministic geographic maximin selection; sample_id tie-break
MFD04683	LIB-MJ226-A3_01.fastq.gz	/projects/microflora_danica/data/sequencing/data_flat/trimmed/LIB-MJ226-A3_01_R1.fastq.gz	LIB-MJ226-A3_01_R1.fastq.gz	natural_freshwater_sediment	Natural freshwater sediment	6	3	maximise minimum great-circle distance	196.373335176602	245	P10_2	2021-05-02	54.6048	11.9405	10kmE444N350	1kmE4446N3501	Yes	Sediment	Natural	Freshwater	Running freshwater		T.T. Guldborgsund	3200	SAMN39869022	vandtemperatur 10 grader, appelsin test 10 meter på 1 minut 11,83 sekunder, sediment 80%ler 20%ditritus	published abundance column; reliable coordinates; first sample_id per habitat-class x 10-km cell; centroid seed then deterministic geographic maximin selection; sample_id tie-break
MFD03542	LIB-MJ109-B9_01.fastq.gz	/projects/microflora_danica/data/sequencing/data_flat/trimmed/LIB-MJ109-B9_01_R1.fastq.gz	LIB-MJ109-B9_01_R1.fastq.gz	natural_freshwater_sediment	Natural freshwater sediment	6	4	maximise minimum great-circle distance	179.701681987321	245	P10_3	2020-10-09	57.5824	10.4231	10kmE434N383	1kmE4346N3831	Yes	Sediment	Natural	Freshwater	Running freshwater	Coastal rivers and streams		3201	SAMN39867954		published abundance column; reliable coordinates; first sample_id per habitat-class x 10-km cell; centroid seed then deterministic geographic maximin selection; sample_id tie-break
MFD09869	LIB-MJ387-G7_01.fastq.gz	/projects/microflora_danica/data/sequencing/data_flat/trimmed/LIB-MJ387-G7_01_R1.fastq.gz	LIB-MJ387-G7_01_R1.fastq.gz	natural_freshwater_sediment	Natural freshwater sediment	6	5	maximise minimum great-circle distance	159.939251563809	245	P10_2	2022-04-29	56.0034	12.5722	10kmE448N365	1kmE4481N3658	Yes	Sediment	Natural	Freshwater	Running freshwater		Lokkerens Bæk	3200	SAMN39873886	10 m, 5 m in between samples. very shallow water, and small stream. temp = 0,8. wasn’t able to detect speed.	published abundance column; reliable coordinates; first sample_id per habitat-class x 10-km cell; centroid seed then deterministic geographic maximin selection; sample_id tie-break
MFD00097	LIB-MJ044-E8_03.fastq.gz	/projects/microflora_danica/data/sequencing/data_flat/trimmed/LIB-MJ044-E8_03_R1.fastq.gz	LIB-MJ044-E8_03_R1.fastq.gz	natural_freshwater_sediment	Natural freshwater sediment	6	6	maximise minimum great-circle distance	142.682392553747	245	P09_1	2019-09-04	56.8732659795208	8.32932662448709	10kmE421N375	1kmE4219N3753	Yes	Sediment	Natural	Freshwater	Standing freshwater	Lake, Mixed Najas flexilis	VIB5557818	3130	SAMN39865027		published abundance column; reliable coordinates; first sample_id per habitat-class x 10-km cell; centroid seed then deterministic geographic maximin selection; sample_id tie-break
MFD01629	LIB-MJ131-G7_01.fastq.gz	/projects/microflora_danica/data/sequencing/data_flat/trimmed/LIB-MJ131-G7_01_R1.fastq.gz	LIB-MJ131-G7_01_R1.fastq.gz	natural_freshwater_sediment	Natural freshwater sediment	6	7	maximise minimum great-circle distance	137.063273722275	245	P10_1	2020-07-07	54.9588	8.7903	10kmE424N353	1kmE4243N3539	Yes	Sediment	Natural	Freshwater	Running freshwater		syd 11	3200	SAMN39866554		published abundance column; reliable coordinates; first sample_id per habitat-class x 10-km cell; centroid seed then deterministic geographic maximin selection; sample_id tie-break
MFD09578	LIB-MJ389-G3_03.fastq.gz	/projects/microflora_danica/data/sequencing/data_flat/trimmed/LIB-MJ389-G3_03_R1.fastq.gz	LIB-MJ389-G3_03_R1.fastq.gz	natural_freshwater_sediment	Natural freshwater sediment	6	8	maximise minimum great-circle distance	102.039094972407	245	P10_2	2022-04-12	55.0961	10.4172	10kmE434N355	1kmE4347N3554	Yes	Sediment	Natural	Freshwater	Running freshwater		Hundstrup A	3200	SAMN39873617	10 m, 5 m in between samples. temp = 0,5. speed = 19 sec.	published abundance column; reliable coordinates; first sample_id per habitat-class x 10-km cell; centroid seed then deterministic geographic maximin selection; sample_id tie-break
MFD12193	LIB-MJ390-F1_03.fastq.gz	/projects/microflora_danica/data/sequencing/data_flat/trimmed/LIB-MJ390-F1_03_R1.fastq.gz	LIB-MJ390-F1_03_R1.fastq.gz	natural_freshwater_sediment	Natural freshwater sediment	6	9	maximise minimum great-circle distance	90.2943291042437	245	P09_3	2018-11-11	55.7036	8.2215	10kmE420N362	1kmE4209N3623	Yes	Sediment	Natural	Freshwater	Standing freshwater		Filsø	3100	SAMN39878656	FIL-PULJET5-sed.rest, pooled sediment core. NB real sampling date unknown (Jensen KT., unpublished raw data)	published abundance column; reliable coordinates; first sample_id per habitat-class x 10-km cell; centroid seed then deterministic geographic maximin selection; sample_id tie-break
MFD00198	LIB-MJ054-A8_03.fastq.gz	/projects/microflora_danica/data/sequencing/data_flat/trimmed/LIB-MJ054-A8_03_R1.fastq.gz	LIB-MJ054-A8_03_R1.fastq.gz	natural_freshwater_sediment	Natural freshwater sediment	6	10	maximise minimum great-circle distance	90.2615938679435	245	P10_2	2018-12-11	56.8255	9.8112	10kmE430N374	1kmE4309N3746	Yes	Sediment	Natural	Freshwater	Running freshwater		lindenborg å	3200	SAMN39865095	homogenized sediment, previously registered as 00228, afløb fra skellingbro dampbrug, env= agriculture, downstream fish farm, meadow	published abundance column; reliable coordinates; first sample_id per habitat-class x 10-km cell; centroid seed then deterministic geographic maximin selection; sample_id tie-break
MFD04673	LIB-MJ253-E4_01.fastq.gz	/projects/microflora_danica/data/sequencing/data_flat/trimmed/LIB-MJ253-E4_01_R1.fastq.gz	LIB-MJ253-E4_01_R1.fastq.gz	natural_freshwater_sediment	Natural freshwater sediment	6	11	maximise minimum great-circle distance	85.0465283685498	245	P10_2	2021-05-01	55.3706	11.8101	10kmE443N358	1kmE4435N3586	Yes	Sediment	Natural	Freshwater	Running freshwater		Øvre Suså	3200	SAMN39869012	vandtemperatur 14 grader, appelsin test 10 meter på 29,28 sekunder, sediment 75%sand 25 %ditritus	published abundance column; reliable coordinates; first sample_id per habitat-class x 10-km cell; centroid seed then deterministic geographic maximin selection; sample_id tie-break
MFD01226	LIB-MJ089-A11_02.fastq.gz	/projects/microflora_danica/data/sequencing/data_flat/trimmed/LIB-MJ089-A11_02_R1.fastq.gz	LIB-MJ089-A11_02_R1.fastq.gz	natural_freshwater_sediment	Natural freshwater sediment	6	12	maximise minimum great-circle distance	71.7669310562335	245	P09_1	2020-04-22	56.3963160372911	10.8913629902819	10kmE437N369	1kmE4376N3699	Yes	Sediment	Natural	Freshwater	Standing freshwater		Grenå	3100	SAMN39866157		published abundance column; reliable coordinates; first sample_id per habitat-class x 10-km cell; centroid seed then deterministic geographic maximin selection; sample_id tie-break
MFD02569	LIB-MJ145-E3_01.fastq.gz	/projects/microflora_danica/data/sequencing/data_flat/trimmed/LIB-MJ145-E3_01_R1.fastq.gz	LIB-MJ145-E3_01_R1.fastq.gz	natural_freshwater_sediment	Natural freshwater sediment	6	13	maximise minimum great-circle distance	69.6403616934978	245	P10_1	2020-07-27	56.3153	8.846	10kmE424N369	1kmE4249N3690	Yes	Sediment	Natural	Freshwater	Running freshwater		storå, midt 18	3200	SAMN39867322		published abundance column; reliable coordinates; first sample_id per habitat-class x 10-km cell; centroid seed then deterministic geographic maximin selection; sample_id tie-break
MFD04653	LIB-MJ262-H9_03.fastq.gz	/projects/microflora_danica/data/sequencing/data_flat/trimmed/LIB-MJ262-H9_03_R1.fastq.gz	LIB-MJ262-H9_03_R1.fastq.gz	natural_freshwater_sediment	Natural freshwater sediment	6	14	maximise minimum great-circle distance	68.3557040175339	245	P10_2	2021-04-18	55.502	9.295	10kmE427N359	1kmE4276N3599	Yes	Sediment	Natural	Freshwater	Running freshwater		Åkær Å	3200	SAMN39868992	vandtemperatur 11 grader, appelsin test 10 meter 21,26 sekunder, sediment 100% sand	published abundance column; reliable coordinates; first sample_id per habitat-class x 10-km cell; centroid seed then deterministic geographic maximin selection; sample_id tie-break
MFD04671	LIB-MJ260-E2_01.fastq.gz	/projects/microflora_danica/data/sequencing/data_flat/trimmed/LIB-MJ260-E2_01_R1.fastq.gz	LIB-MJ260-E2_01_R1.fastq.gz	natural_freshwater_sediment	Natural freshwater sediment	6	15	maximise minimum great-circle distance	58.8281877307055	245	P10_2	2021-05-01	55.8835	11.5803	10kmE441N364	1kmE4419N3643	Yes	Sediment	Natural	Freshwater	Running freshwater		T.T. Sejerø Bugt	3200	SAMN39869010	vandtemperatur 9 grader, appelsin test 10 meter på 56,06 sekunder, sediment 50%detritus 30%ler 20%sand. kommentarer brobygning på stedet, prøve taget 20 m opstrøms	published abundance column; reliable coordinates; first sample_id per habitat-class x 10-km cell; centroid seed then deterministic geographic maximin selection; sample_id tie-break
MFD01105	LIB-MJ089-H10_02.fastq.gz	/projects/microflora_danica/data/sequencing/data_flat/trimmed/LIB-MJ089-H10_02_R1.fastq.gz	LIB-MJ089-H10_02_R1.fastq.gz	natural_freshwater_sediment	Natural freshwater sediment	6	16	maximise minimum great-circle distance	55.4035022990925	245	P09_1	2020-04-21	55.6126147192439	10.593528070147	10kmE435N361	1kmE4358N3612	Yes	Sediment	Natural	Freshwater	Standing freshwater		Fynshoved	3100	SAMN39865897		published abundance column; reliable coordinates; first sample_id per habitat-class x 10-km cell; centroid seed then deterministic geographic maximin selection; sample_id tie-break
MFD04679	LIB-MJ261-A4_01.fastq.gz	/projects/microflora_danica/data/sequencing/data_flat/trimmed/LIB-MJ261-A4_01_R1.fastq.gz	LIB-MJ261-A4_01_R1.fastq.gz	natural_freshwater_sediment	Natural freshwater sediment	6	17	maximise minimum great-circle distance	52.7717323990763	245	P10_2	2021-04-25	54.9453	9.6164	10kmE429N353	1kmE4296N3537	Yes	Sediment	Natural	Freshwater	Running freshwater		Gudenå	3200	SAMN39869018	vandtemperatur 8 grader, appelsin test for lavt vand, sediment 70%grus 30%sand	published abundance column; reliable coordinates; first sample_id per habitat-class x 10-km cell; centroid seed then deterministic geographic maximin selection; sample_id tie-break
MFD01572	LIB-MJ129-G7_02.fastq.gz	/projects/microflora_danica/data/sequencing/data_flat/trimmed/LIB-MJ129-G7_02_R1.fastq.gz	LIB-MJ129-G7_02_R1.fastq.gz	natural_freshwater_sediment	Natural freshwater sediment	6	18	maximise minimum great-circle distance	52.6848446144144	245	P10_1	2020-07-13	57.3197	9.6902	10kmE430N380	1kmE4302N3801	Yes	Sediment	Natural	Freshwater	Running freshwater			3200	SAMN39866498		published abundance column; reliable coordinates; first sample_id per habitat-class x 10-km cell; centroid seed then deterministic geographic maximin selection; sample_id tie-break
MFD02889	LIB-MJ131-C8_01.fastq.gz	/projects/microflora_danica/data/sequencing/data_flat/trimmed/LIB-MJ131-C8_01_R1.fastq.gz	LIB-MJ131-C8_01_R1.fastq.gz	natural_freshwater_sediment	Natural freshwater sediment	6	19	maximise minimum great-circle distance	47.7370411432545	245	P09_1	2020-08-29	57.2805625018932	10.990230997665	10kmE438N379	1kmE4380N3797	Yes	Sediment	Natural	Freshwater	Standing freshwater	Lake, Dystrophic	Læsø v. NOVANA 1096	3160	SAMN39867557		published abundance column; reliable coordinates; first sample_id per habitat-class x 10-km cell; centroid seed then deterministic geographic maximin selection; sample_id tie-break
MFD09332	LIB-MJ254-A1_02_v_LIB-MJ407-C7_04.fastq.gz	/projects/microflora_danica/data/sequencing/data_flat/trimmed/LIB-MJ254-A1_02_v_LIB-MJ407-C7_04_R1.fastq.gz	LIB-MJ254-A1_02_v_LIB-MJ407-C7_04_R1.fastq.gz	natural_freshwater_sediment	Natural freshwater sediment	6	20	maximise minimum great-circle distance	46.7937968012846	245	P09_1	2021-11-23	55.040099530531	12.2666257334661	10kmE446N355	1kmE4465N3550	Yes	Sediment	Natural	Freshwater	Standing freshwater		Møn	3100	SAMN39873382		published abundance column; reliable coordinates; first sample_id per habitat-class x 10-km cell; centroid seed then deterministic geographic maximin selection; sample_id tie-break
MFD04690	LIB-MJ263-A10_04.fastq.gz	/projects/microflora_danica/data/sequencing/data_flat/trimmed/LIB-MJ263-A10_04_R1.fastq.gz	LIB-MJ263-A10_04_R1.fastq.gz	natural_freshwater_sediment	Natural freshwater sediment	6	21	maximise minimum great-circle distance	46.704128809683	245	P10_2	2021-06-03	55.9554	9.2346	10kmE427N365	1kmE4273N3650	Yes	Sediment	Natural	Freshwater	Running freshwater		Skjern å	3200	SAMN39869029	sediment, 90% sand, 10% sten. strømningshastighed appelsin flød 10m på 14,97s. vandtemperaturen var 16,5 grader. omgivelser naturbeskyttet skov	published abundance column; reliable coordinates; first sample_id per habitat-class x 10-km cell; centroid seed then deterministic geographic maximin selection; sample_id tie-break
MFD04627	LIB-MJ253-B3_01.fastq.gz	/projects/microflora_danica/data/sequencing/data_flat/trimmed/LIB-MJ253-B3_01_R1.fastq.gz	LIB-MJ253-B3_01_R1.fastq.gz	natural_freshwater_sediment	Natural freshwater sediment	6	22	maximise minimum great-circle distance	46.4429795968346	245	P10_2	2021-06-02	56.47	8.1314	10kmE420N370	1kmE4205N3708	Yes	Sediment	Natural	Freshwater	Running freshwater		Nissum Fjord	3200	SAMN39868967	sedimentet 10% mudder, 15% humus, 5% sten, 70% sand. appelsin = 49,19 s (10 m). temp = 12. marker på begge sider med korn, nedstrøms renseanlæg	published abundance column; reliable coordinates; first sample_id per habitat-class x 10-km cell; centroid seed then deterministic geographic maximin selection; sample_id tie-break
MFD13536	LIB-MJ414-F7_03.fastq.gz	/projects/microflora_danica/data/sequencing/data_flat/trimmed/LIB-MJ414-F7_03_R1.fastq.gz	LIB-MJ414-F7_03_R1.fastq.gz	natural_freshwater_sediment	Natural freshwater sediment	6	23	maximise minimum great-circle distance	44.3467846369228	245	P09_4	2022-08-17	56.3261	9.6356	10kmE429N369	1kmE4298N3691	Yes	Sediment	Natural	Freshwater	Standing freshwater		Ormstrup Gods sø	3100	SAMN39878672	station 5, sediment depth 0-1 (cm layer), August 2022.	published abundance column; reliable coordinates; first sample_id per habitat-class x 10-km cell; centroid seed then deterministic geographic maximin selection; sample_id tie-break
MFD05622	LIB-MJ190-D9_02.fastq.gz	/projects/microflora_danica/data/sequencing/data_flat/trimmed/LIB-MJ190-D9_02_R1.fastq.gz	LIB-MJ190-D9_02_R1.fastq.gz	natural_freshwater_sediment	Natural freshwater sediment	6	24	maximise minimum great-circle distance	43.6320927204569	245	P09_1	2021-07-13	55.1939492803096	11.1948911219491	10kmE439N356	1kmE4397N3566	Yes	Sediment	Natural	Freshwater	Standing freshwater	Lake shores and lagoons	Agersø	3170	SAMN39869946		published abundance column; reliable coordinates; first sample_id per habitat-class x 10-km cell; centroid seed then deterministic geographic maximin selection; sample_id tie-break
MFD00683	LIB-MJ129-G1_02.fastq.gz	/projects/microflora_danica/data/sequencing/data_flat/trimmed/LIB-MJ129-G1_02_R1.fastq.gz	LIB-MJ129-G1_02_R1.fastq.gz	natural_freshwater_sediment	Natural freshwater sediment	6	25	maximise minimum great-circle distance	42.977479427829	245	P09_1	2020-05-28	55.6038531123656	12.3540373288762	10kmE446N361	1kmE4469N3613	Yes	Sediment	Natural	Freshwater	Standing freshwater	Lake, Rich pondweed	Ishøj strandvej	3150	SAMN39865549		published abundance column; reliable coordinates; first sample_id per habitat-class x 10-km cell; centroid seed then deterministic geographic maximin selection; sample_id tie-break
MFD04615	LIB-MJ306-B11_01.fastq.gz	/projects/microflora_danica/data/sequencing/data_flat/trimmed/LIB-MJ306-B11_01_R1.fastq.gz	LIB-MJ306-B11_01_R1.fastq.gz	natural_freshwater_sediment	Natural freshwater sediment	6	26	maximise minimum great-circle distance	41.8664471877228	245	P10_2	2021-04-25	55.4049	8.6535	10kmE423N358	1kmE4235N3589	Yes	Sediment	Natural	Freshwater	Running freshwater		Darum Bæk	3200	SAMN39868955	vandtemperatur 9 grader, appelsin test 10 meter på 43,94 sekunder, sediment 50% ler, 40%ditritus 10%sand.	published abundance column; reliable coordinates; first sample_id per habitat-class x 10-km cell; centroid seed then deterministic geographic maximin selection; sample_id tie-break
MFD01564	LIB-MJ130-B7_01.fastq.gz	/projects/microflora_danica/data/sequencing/data_flat/trimmed/LIB-MJ130-B7_01_R1.fastq.gz	LIB-MJ130-B7_01_R1.fastq.gz	natural_freshwater_sediment	Natural freshwater sediment	6	27	maximise minimum great-circle distance	41.0918664472674	245	P10_1	2020-07-15	57.118	10.3776	10kmE434N377	1kmE4343N3779	Yes	Sediment	Natural	Freshwater	Running freshwater		nord 4	3200	SAMN39866490		published abundance column; reliable coordinates; first sample_id per habitat-class x 10-km cell; centroid seed then deterministic geographic maximin selection; sample_id tie-break
MFD04616	LIB-MJ251-G5_04.fastq.gz	/projects/microflora_danica/data/sequencing/data_flat/trimmed/LIB-MJ251-G5_04_R1.fastq.gz	LIB-MJ251-G5_04_R1.fastq.gz	natural_freshwater_sediment	Natural freshwater sediment	6	28	maximise minimum great-circle distance	40.7991963626336	245	P10_2	2021-06-02	56.0641	8.3433	10kmE421N366	1kmE4217N3663	Yes	Sediment	Natural	Freshwater	Running freshwater		Ringkøbing Fjord	3200	SAMN39868956	sediment 85% sand, 15% mudder. strømningshastighed; appelsin flød 10m på 18,74s. vandtemperaturen var 11 grader. omgivelser, nedstrøms klaptoft dambrug og efter bro, dyremark på begge sider.	published abundance column; reliable coordinates; first sample_id per habitat-class x 10-km cell; centroid seed then deterministic geographic maximin selection; sample_id tie-break
MFD00212	LIB-MJ051-A3_02.fastq.gz	/projects/microflora_danica/data/sequencing/data_flat/trimmed/LIB-MJ051-A3_02_R1.fastq.gz	LIB-MJ051-A3_02_R1.fastq.gz	natural_freshwater_sediment	Natural freshwater sediment	6	29	maximise minimum great-circle distance	40.6761155226947	245	P10_2	2018-12-07	56.5326801	10.2769338	10kmE433N371	1kmE4338N3714	Yes	Sediment	Natural	Freshwater	Running freshwater		kare bæk	3200	SAMN39865109	homogenized sediment, env= agriculture, reeds	published abundance column; reliable coordinates; first sample_id per habitat-class x 10-km cell; centroid seed then deterministic geographic maximin selection; sample_id tie-break
MFD01666	LIB-MJ263-D11_04.fastq.gz	/projects/microflora_danica/data/sequencing/data_flat/trimmed/LIB-MJ263-D11_04_R1.fastq.gz	LIB-MJ263-D11_04_R1.fastq.gz	natural_freshwater_sediment	Natural freshwater sediment	6	30	maximise minimum great-circle distance	40.1526284320733	245	P09_1	2020-08-25	55.4490909171511	10.0246657089376	10kmE432N359	1kmE4322N3593	Yes	Sediment	Natural	Freshwater	Standing freshwater	Lake, Rich pondweed	Vandhul vest i Eng-382	3150	SAMN39866590		published abundance column; reliable coordinates; first sample_id per habitat-class x 10-km cell; centroid seed then deterministic geographic maximin selection; sample_id tie-break
MFD00116	LIB-MJ055-G8_04.fastq.gz	/projects/microflora_danica/data/sequencing/data_flat/trimmed/LIB-MJ055-G8_04_R1.fastq.gz	LIB-MJ055-G8_04_R1.fastq.gz	natural_freshwater_sediment	Natural freshwater sediment	6	31	maximise minimum great-circle distance	39.4967933248646	245	P09_1	2019-09-02	56.885496075785	9.17087259604167	10kmE427N375	1kmE4270N3753	Yes	Sediment	Natural	Freshwater	Standing freshwater	Lake shores and lagoons	NOR16500001	3170	SAMN39865046		published abundance column; reliable coordinates; first sample_id per habitat-class x 10-km cell; centroid seed then deterministic geographic maximin selection; sample_id tie-break
MFD02367	LIB-MJ137-H5_02.fastq.gz	/projects/microflora_danica/data/sequencing/data_flat/trimmed/LIB-MJ137-H5_02_R1.fastq.gz	LIB-MJ137-H5_02_R1.fastq.gz	natural_freshwater_sediment	Natural freshwater sediment	6	32	maximise minimum great-circle distance	35.115244643016	245	P09_1	2020-09-16	55.6597664258363	11.1467424765328	10kmE439N361	1kmE4393N3617	Yes	Sediment	Natural	Freshwater	Standing freshwater	Lake, Hard water	51_1sø	3140	SAMN39867132		published abundance column; reliable coordinates; first sample_id per habitat-class x 10-km cell; centroid seed then deterministic geographic maximin selection; sample_id tie-break
MFD00612	LIB-MJ106-E8_01.fastq.gz	/projects/microflora_danica/data/sequencing/data_flat/trimmed/LIB-MJ106-E8_01_R1.fastq.gz	LIB-MJ106-E8_01_R1.fastq.gz	natural_freshwater_sediment	Natural freshwater sediment	6	33	maximise minimum great-circle distance	34.1804941980626	245	P09_1	2020-03-31	56.0998640021664	10.5094965875546	10kmE435N366	1kmE4352N3666	Yes	Sediment	Natural	Freshwater	Standing freshwater	Lake shores and lagoons	Slettehage Fyr	3170	SAMN39865482		published abundance column; reliable coordinates; first sample_id per habitat-class x 10-km cell; centroid seed then deterministic geographic maximin selection; sample_id tie-break
MFD04207	LIB-MJ255-F4_02.fastq.gz	/projects/microflora_danica/data/sequencing/data_flat/trimmed/LIB-MJ255-F4_02_R1.fastq.gz	LIB-MJ255-F4_02_R1.fastq.gz	natural_freshwater_sediment	Natural freshwater sediment	6	34	maximise minimum great-circle distance	34.1411663472421	245	P09_1	2021-11-24	54.7727788227214	11.4958521174414	10kmE441N351	1kmE4417N3519	Yes	Sediment	Natural	Freshwater	Standing freshwater	Lake, Rich pondweed	Maribo	3150	SAMN39868563		published abundance column; reliable coordinates; first sample_id per habitat-class x 10-km cell; centroid seed then deterministic geographic maximin selection; sample_id tie-break
MFD04179	LIB-MJ198-E9_03.fastq.gz	/projects/microflora_danica/data/sequencing/data_flat/trimmed/LIB-MJ198-E9_03_R1.fastq.gz	LIB-MJ198-E9_03_R1.fastq.gz	natural_freshwater_sediment	Natural freshwater sediment	6	35	maximise minimum great-circle distance	33.6696491811997	245	P09_1	2021-09-22	54.852968924333	10.7316639216944	10kmE436N352	1kmE4368N3527	Yes	Sediment	Natural	Freshwater	Standing freshwater	Lake, Rich pondweed	Hennetved mose	3150	SAMN39868536		published abundance column; reliable coordinates; first sample_id per habitat-class x 10-km cell; centroid seed then deterministic geographic maximin selection; sample_id tie-break
MFD02945	LIB-MJ139-A11_01.fastq.gz	/projects/microflora_danica/data/sequencing/data_flat/trimmed/LIB-MJ139-A11_01_R1.fastq.gz	LIB-MJ139-A11_01_R1.fastq.gz	natural_freshwater_sediment	Natural freshwater sediment	6	36	maximise minimum great-circle distance	32.2204933602724	245	P10_1	2020-08-13	55.8719	8.7395	10kmE424N364	1kmE4242N3641	Yes	Sediment	Natural	Freshwater	Running freshwater		omme å, ved dyrvig bro	3200	SAMN39867611		published abundance column; reliable coordinates; first sample_id per habitat-class x 10-km cell; centroid seed then deterministic geographic maximin selection; sample_id tie-break
MFD00742	LIB-MJ093-A4_02.fastq.gz	/projects/microflora_danica/data/sequencing/data_flat/trimmed/LIB-MJ093-A4_02_R1.fastq.gz	LIB-MJ093-A4_02_R1.fastq.gz	natural_freshwater_sediment	Natural freshwater sediment	6	37	maximise minimum great-circle distance	31.9450734384145	245	P09_1	2020-04-07	55.2203044375508	9.39424756546534	10kmE428N356	1kmE4282N3568	Yes	Sediment	Natural	Freshwater	Standing freshwater		Pamhule skov	3100	SAMN39865608		published abundance column; reliable coordinates; first sample_id per habitat-class x 10-km cell; centroid seed then deterministic geographic maximin selection; sample_id tie-break
MFD01542	LIB-MJ140-A8_02.fastq.gz	/projects/microflora_danica/data/sequencing/data_flat/trimmed/LIB-MJ140-A8_02_R1.fastq.gz	LIB-MJ140-A8_02_R1.fastq.gz	natural_freshwater_sediment	Natural freshwater sediment	6	38	maximise minimum great-circle distance	31.7165761255758	245	P10_1	2020-07-28	56.647	8.8854	10kmE425N372	1kmE4252N3727	Yes	Sediment	Natural	Freshwater	Running freshwater		midt 15	3200	SAMN39866468		published abundance column; reliable coordinates; first sample_id per habitat-class x 10-km cell; centroid seed then deterministic geographic maximin selection; sample_id tie-break
MFD04632	LIB-MJ252-E7_02.fastq.gz	/projects/microflora_danica/data/sequencing/data_flat/trimmed/LIB-MJ252-E7_02_R1.fastq.gz	LIB-MJ252-E7_02_R1.fastq.gz	natural_freshwater_sediment	Natural freshwater sediment	6	39	maximise minimum great-circle distance	30.0795629322002	245	P10_2	2021-05-02	55.1001	11.8057	10kmE443N355	1kmE4436N3556	Yes	Sediment	Natural	Freshwater	Running freshwater		Svinø Vig	3200	SAMN39868972	vandtemperatur 9 grader, appelsin test 10 meter på 7 minutter 32,95, sediment 100%detritus	published abundance column; reliable coordinates; first sample_id per habitat-class x 10-km cell; centroid seed then deterministic geographic maximin selection; sample_id tie-break
MFD09605	LIB-MJ192-B11_04_v_LIB-MJ409-B7_01.fastq.gz	/projects/microflora_danica/data/sequencing/data_flat/trimmed/LIB-MJ192-B11_04_v_LIB-MJ409-B7_01_R1.fastq.gz	LIB-MJ192-B11_04_v_LIB-MJ409-B7_01_R1.fastq.gz	natural_freshwater_sediment	Natural freshwater sediment	6	40	maximise minimum great-circle distance	28.7058379650627	245	P09_1	2021-10-13	56.000906056174	12.1105341585201	10kmE445N365	1kmE4452N3657	Yes	Sediment	Natural	Freshwater	Standing freshwater	Lake, Rich pondweed	Arresø	3150	SAMN39873643		published abundance column; reliable coordinates; first sample_id per habitat-class x 10-km cell; centroid seed then deterministic geographic maximin selection; sample_id tie-break
MFD01083	LIB-MJ135-C4_04.fastq.gz	/projects/microflora_danica/data/sequencing/data_flat/trimmed/LIB-MJ135-C4_04_R1.fastq.gz	LIB-MJ135-C4_04_R1.fastq.gz	natural_freshwater_sediment	Natural freshwater sediment	6	41	maximise minimum great-circle distance	26.9768961532784	245	P10_1	2020-07-30	56.2611	10.0568	10kmE432N368	1kmE4324N3684	Yes	Sediment	Natural	Freshwater	Running freshwater		øst 10	3200	SAMN39865878		published abundance column; reliable coordinates; first sample_id per habitat-class x 10-km cell; centroid seed then deterministic geographic maximin selection; sample_id tie-break
MFD00204	LIB-MJ051-D10_02.fastq.gz	/projects/microflora_danica/data/sequencing/data_flat/trimmed/LIB-MJ051-D10_02_R1.fastq.gz	LIB-MJ051-D10_02_R1.fastq.gz	natural_freshwater_sediment	Natural freshwater sediment	6	42	maximise minimum great-circle distance	26.8717465905925	245	P10_2	2018-12-03	56.6939891	9.4413264	10kmE428N373	1kmE4286N3732	Yes	Sediment	Natural	Freshwater	Running freshwater		bygumkær bæk	3200	SAMN39865101	homogenized sediment, env= agriculture, drain, trees	published abundance column; reliable coordinates; first sample_id per habitat-class x 10-km cell; centroid seed then deterministic geographic maximin selection; sample_id tie-break
MFD00109	LIB-MJ055-G4_04.fastq.gz	/projects/microflora_danica/data/sequencing/data_flat/trimmed/LIB-MJ055-G4_04_R1.fastq.gz	LIB-MJ055-G4_04_R1.fastq.gz	natural_freshwater_sediment	Natural freshwater sediment	6	43	maximise minimum great-circle distance	26.7017169029866	245	P09_1	2019-09-03	57.3579957895512	10.2641343190817	10kmE433N380	1kmE4336N3806	Yes	Sediment	Natural	Freshwater	Standing freshwater	Lake, Rich pondweed	NOR84702	3150	SAMN39865039		published abundance column; reliable coordinates; first sample_id per habitat-class x 10-km cell; centroid seed then deterministic geographic maximin selection; sample_id tie-break
MFD02965	LIB-MJ138-A12_03.fastq.gz	/projects/microflora_danica/data/sequencing/data_flat/trimmed/LIB-MJ138-A12_03_R1.fastq.gz	LIB-MJ138-A12_03_R1.fastq.gz	natural_freshwater_sediment	Natural freshwater sediment	6	44	maximise minimum great-circle distance	26.673969755894	245	P10_1	2020-08-10	55.6526	8.9123	10kmE425N361	1kmE4252N3616	Yes	Sediment	Natural	Freshwater	Running freshwater		ansager å, os risbøl dambrug	3200	SAMN39867631		published abundance column; reliable coordinates; first sample_id per habitat-class x 10-km cell; centroid seed then deterministic geographic maximin selection; sample_id tie-break
MFD04226	LIB-MJ306-E10_01.fastq.gz	/projects/microflora_danica/data/sequencing/data_flat/trimmed/LIB-MJ306-E10_01_R1.fastq.gz	LIB-MJ306-E10_01_R1.fastq.gz	natural_freshwater_sediment	Natural freshwater sediment	6	45	maximise minimum great-circle distance	26.6108220854313	245	P10_2	2021-05-01	55.4648	11.4225	10kmE441N359	1kmE4411N3596	Yes	Sediment	Natural	Freshwater	Running freshwater		Tude å	3200	SAMN39868581	vandtemperatur 10 grader, appelsin test 10 meter på 2 minutter 31,69 sekunder, sediment 60% ditritus 40 %ler	published abundance column; reliable coordinates; first sample_id per habitat-class x 10-km cell; centroid seed then deterministic geographic maximin selection; sample_id tie-break
MFD10207	LIB-MJ283-D2_04.fastq.gz	/projects/microflora_danica/data/sequencing/data_flat/trimmed/LIB-MJ283-D2_04_R1.fastq.gz	LIB-MJ283-D2_04_R1.fastq.gz	natural_saltwater_sediment	Natural saltwater sediment	7	1	nearest-to-class-centroid seed	0	47	P11_2	2019-05-27	56.1228	10.2234	10kmE433N366	1kmE4334N3668	Yes	Sediment	Natural	Saltwater	Open sea and tidal areas	Sandy coastal seabed	aarhus bugten	1101	SAMN39874169	sandy seabed (sb)	published abundance column; reliable coordinates; first sample_id per habitat-class x 10-km cell; centroid seed then deterministic geographic maximin selection; sample_id tie-break
MFD10217	LIB-MJ283-H3_04.fastq.gz	/projects/microflora_danica/data/sequencing/data_flat/trimmed/LIB-MJ283-H3_04_R1.fastq.gz	LIB-MJ283-H3_04_R1.fastq.gz	natural_saltwater_sediment	Natural saltwater sediment	7	2	maximise minimum great-circle distance	319.138297055493	47	P11_2	2019-06-11	55.0205	14.9119	10kmE463N355	1kmE4635N3556	Yes	Sediment	Natural	Saltwater	Open sea and tidal areas	Sandy coastal seabed	bornholm syd	1101	SAMN39874178	sandy seabed (sb)	published abundance column; reliable coordinates; first sample_id per habitat-class x 10-km cell; centroid seed then deterministic geographic maximin selection; sample_id tie-break
MFD03547	LIB-MJ109-C8_01_v_LIB-MJ409-D3_01.fastq.gz	/projects/microflora_danica/data/sequencing/data_flat/trimmed/LIB-MJ109-C8_01_v_LIB-MJ409-D3_01_R1.fastq.gz	LIB-MJ109-C8_01_v_LIB-MJ409-D3_01_R1.fastq.gz	natural_saltwater_sediment	Natural saltwater sediment	7	3	maximise minimum great-circle distance	182.372415563754	47	P11_1	2020-10-09	57.746	10.6541	10kmE436N384	1kmE4360N3849	Yes	Sediment	Natural	Saltwater	Open sea and tidal areas			1100	SAMN39867959		published abundance column; reliable coordinates; first sample_id per habitat-class x 10-km cell; centroid seed then deterministic geographic maximin selection; sample_id tie-break
MFD10196	LIB-MJ283-A1_04_v_LIB-MJ415-A6_04.fastq.gz	/projects/microflora_danica/data/sequencing/data_flat/trimmed/LIB-MJ283-A1_04_v_LIB-MJ415-A6_04_R1.fastq.gz	LIB-MJ283-A1_04_v_LIB-MJ415-A6_04_R1.fastq.gz	natural_saltwater_sediment	Natural saltwater sediment	7	4	maximise minimum great-circle distance	162.402723966859	47	P11_2	2019-05-30	54.8474	11.4796	10kmE441N352	1kmE4416N3527	Yes	Sediment	Natural	Saltwater	Open sea and tidal areas	Sandy coastal seabed	bandholm	1101	SAMN39874159	sandy seabed (sb)	published abundance column; reliable coordinates; first sample_id per habitat-class x 10-km cell; centroid seed then deterministic geographic maximin selection; sample_id tie-break
MFD10197	LIB-MJ283-B1_04_v_LIB-MJ415-B6_04.fastq.gz	/projects/microflora_danica/data/sequencing/data_flat/trimmed/LIB-MJ283-B1_04_v_LIB-MJ415-B6_04_R1.fastq.gz	LIB-MJ283-B1_04_v_LIB-MJ415-B6_04_R1.fastq.gz	natural_saltwater_sediment	Natural saltwater sediment	7	5	maximise minimum great-circle distance	148.920063136449	47	P11_2	2019-06-06	56.0422	12.6193	10kmE448N366	1kmE4484N3662	Yes	Sediment	Natural	Saltwater	Open sea and tidal areas	Eelgrass coastal seabed	helsingør	1103	SAMN39874160	eelgrass seabed (eb)	published abundance column; reliable coordinates; first sample_id per habitat-class x 10-km cell; centroid seed then deterministic geographic maximin selection; sample_id tie-break
MFD10230	LIB-MJ283-E5_04.fastq.gz	/projects/microflora_danica/data/sequencing/data_flat/trimmed/LIB-MJ283-E5_04_R1.fastq.gz	LIB-MJ283-E5_04_R1.fastq.gz	natural_saltwater_sediment	Natural saltwater sediment	7	6	maximise minimum great-circle distance	140.130158781657	47	P11_2	2019-06-20	57.1264	8.6151	10kmE423N378	1kmE4237N3781	Yes	Sediment	Natural	Saltwater	Open sea and tidal areas	Sandy coastal seabed	hanstholm	1101	SAMN39874190	sandy seabed (sb)	published abundance column; reliable coordinates; first sample_id per habitat-class x 10-km cell; centroid seed then deterministic geographic maximin selection; sample_id tie-break
MFD10221	LIB-MJ283-D4_04.fastq.gz	/projects/microflora_danica/data/sequencing/data_flat/trimmed/LIB-MJ283-D4_04_R1.fastq.gz	LIB-MJ283-D4_04_R1.fastq.gz	natural_saltwater_sediment	Natural saltwater sediment	7	7	maximise minimum great-circle distance	139.625870977689	47	P11_2	2019-06-18	55.4698	8.3153	10kmE421N359	1kmE4214N3597	Yes	Sediment	Natural	Saltwater	Open sea and tidal areas	Sandy coastal seabed	vadehavet	1101	SAMN39874181	sandy seabed (sb)	published abundance column; reliable coordinates; first sample_id per habitat-class x 10-km cell; centroid seed then deterministic geographic maximin selection; sample_id tie-break
MFD09779	LIB-MJ347-D6_04_v_LIB-MJ368-D6_03.fastq.gz	/projects/microflora_danica/data/sequencing/data_flat/trimmed/LIB-MJ347-D6_04_v_LIB-MJ368-D6_03_R1.fastq.gz	LIB-MJ347-D6_04_v_LIB-MJ368-D6_03_R1.fastq.gz	natural_saltwater_sediment	Natural saltwater sediment	7	8	maximise minimum great-circle distance	91.9952942833056	47	P11_3	2022-02-24	56.3361	8.1689	10kmE420N369	1kmE4207N3693	Yes	Sediment	Natural	Saltwater	Fjords		nissum fjord	1300	SAMN39873803		published abundance column; reliable coordinates; first sample_id per habitat-class x 10-km cell; centroid seed then deterministic geographic maximin selection; sample_id tie-break
MFD10231	LIB-MJ283-F5_04.fastq.gz	/projects/microflora_danica/data/sequencing/data_flat/trimmed/LIB-MJ283-F5_04_R1.fastq.gz	LIB-MJ283-F5_04_R1.fastq.gz	natural_saltwater_sediment	Natural saltwater sediment	7	9	maximise minimum great-circle distance	84.9206045428984	47	P11_2	2019-05-21	55.1146	9.5027	10kmE428N355	1kmE4289N3556	Yes	Sediment	Natural	Saltwater	Open sea and tidal areas	Rocky coastal seabed	genner bugt	1102	SAMN39874191	rocky seabed (rb)	published abundance column; reliable coordinates; first sample_id per habitat-class x 10-km cell; centroid seed then deterministic geographic maximin selection; sample_id tie-break
MFD10245	LIB-MJ283-D7_04.fastq.gz	/projects/microflora_danica/data/sequencing/data_flat/trimmed/LIB-MJ283-D7_04_R1.fastq.gz	LIB-MJ283-D7_04_R1.fastq.gz	natural_saltwater_sediment	Natural saltwater sediment	7	10	maximise minimum great-circle distance	79.7477664965787	47	P11_2	2019-06-24	55.7546	11.3223	10kmE440N362	1kmE4404N3628	Yes	Sediment	Natural	Saltwater	Open sea and tidal areas	Rocky coastal seabed	nekselø bugt	1102	SAMN39874205	rocky seabed (rb)	published abundance column; reliable coordinates; first sample_id per habitat-class x 10-km cell; centroid seed then deterministic geographic maximin selection; sample_id tie-break
MFD10204	LIB-MJ283-A2_04.fastq.gz	/projects/microflora_danica/data/sequencing/data_flat/trimmed/LIB-MJ283-A2_04_R1.fastq.gz	LIB-MJ283-A2_04_R1.fastq.gz	natural_saltwater_sediment	Natural saltwater sediment	7	11	maximise minimum great-circle distance	76.2494439119829	47	P11_2	2019-05-06	57.0595	9.8713	10kmE431N377	1kmE4313N3772	Yes	Sediment	Natural	Saltwater	Fjords	Eelgrass fjord seabed	aalborg nibe	1303	SAMN39874166	eelgrass seabed (eb)	published abundance column; reliable coordinates; first sample_id per habitat-class x 10-km cell; centroid seed then deterministic geographic maximin selection; sample_id tie-break
MFD10240	LIB-MJ283-G6_04.fastq.gz	/projects/microflora_danica/data/sequencing/data_flat/trimmed/LIB-MJ283-G6_04_R1.fastq.gz	LIB-MJ283-G6_04_R1.fastq.gz	natural_saltwater_sediment	Natural saltwater sediment	7	12	maximise minimum great-circle distance	63.9665298551493	47	P11_2	2019-06-27	54.9551	12.4624	10kmE447N354	1kmE4478N3541	Yes	Sediment	Natural	Saltwater	Open sea and tidal areas	Rocky coastal seabed	møn	1102	SAMN39874200	rocky seabed (rb)	published abundance column; reliable coordinates; first sample_id per habitat-class x 10-km cell; centroid seed then deterministic geographic maximin selection; sample_id tie-break
MFD09964	LIB-MJ346-D11_02.fastq.gz	/projects/microflora_danica/data/sequencing/data_flat/trimmed/LIB-MJ346-D11_02_R1.fastq.gz	LIB-MJ346-D11_02_R1.fastq.gz	natural_saltwater_sediment	Natural saltwater sediment	7	13	maximise minimum great-circle distance	60.9151195466306	47	P11_3	2022-02-22	56.5565	9.0763	10kmE426N371	1kmE4264N3717	Yes	Sediment	Natural	Saltwater	Fjords		skive fjord	1300	SAMN39873973		published abundance column; reliable coordinates; first sample_id per habitat-class x 10-km cell; centroid seed then deterministic geographic maximin selection; sample_id tie-break
MFD10201	LIB-MJ283-F1_04.fastq.gz	/projects/microflora_danica/data/sequencing/data_flat/trimmed/LIB-MJ283-F1_04_R1.fastq.gz	LIB-MJ283-F1_04_R1.fastq.gz	natural_saltwater_sediment	Natural saltwater sediment	7	14	maximise minimum great-circle distance	57.9082462026083	47	P11_2	2019-05-01	56.4455	10.9598	10kmE438N370	1kmE4380N3705	Yes	Sediment	Natural	Saltwater	Open sea and tidal areas	Rocky coastal seabed	grenå	1102	SAMN39874164	rocky seabed (rb)	published abundance column; reliable coordinates; first sample_id per habitat-class x 10-km cell; centroid seed then deterministic geographic maximin selection; sample_id tie-break
MFD10200	LIB-MJ283-E1_04.fastq.gz	/projects/microflora_danica/data/sequencing/data_flat/trimmed/LIB-MJ283-E1_04_R1.fastq.gz	LIB-MJ283-E1_04_R1.fastq.gz	natural_saltwater_sediment	Natural saltwater sediment	7	15	maximise minimum great-circle distance	57.1096258875929	47	P11_2	2019-06-04	55.5648	12.2823	10kmE446N360	1kmE4465N3608	Yes	Sediment	Natural	Saltwater	Open sea and tidal areas	Eelgrass coastal seabed	køge bugt	1103	SAMN39874163	eelgrass seabed (eb)	published abundance column; reliable coordinates; first sample_id per habitat-class x 10-km cell; centroid seed then deterministic geographic maximin selection; sample_id tie-break
MFD10242	LIB-MJ283-A7_04.fastq.gz	/projects/microflora_danica/data/sequencing/data_flat/trimmed/LIB-MJ283-A7_04_R1.fastq.gz	LIB-MJ283-A7_04_R1.fastq.gz	natural_saltwater_sediment	Natural saltwater sediment	7	16	maximise minimum great-circle distance	56.9642378119145	47	P11_2	2019-05-20	55.703	9.6995	10kmE430N362	1kmE4302N3622	Yes	Sediment	Natural	Saltwater	Fjords	Rocky fjord seabed	vejle fjord	1302	SAMN39874202	rocky seabed (rb)	published abundance column; reliable coordinates; first sample_id per habitat-class x 10-km cell; centroid seed then deterministic geographic maximin selection; sample_id tie-break
MFD10227	LIB-MJ283-B5_04.fastq.gz	/projects/microflora_danica/data/sequencing/data_flat/trimmed/LIB-MJ283-B5_04_R1.fastq.gz	LIB-MJ283-B5_04_R1.fastq.gz	natural_saltwater_sediment	Natural saltwater sediment	7	17	maximise minimum great-circle distance	55.0464100478369	47	P11_2	2019-05-07	57.3229	11.1329	10kmE438N380	1kmE4389N3802	Yes	Sediment	Natural	Saltwater	Open sea and tidal areas	Sandy coastal seabed	læsø	1101	SAMN39874187	sandy seabed (sb)	published abundance column; reliable coordinates; first sample_id per habitat-class x 10-km cell; centroid seed then deterministic geographic maximin selection; sample_id tie-break
MFD10206	LIB-MJ283-C2_04.fastq.gz	/projects/microflora_danica/data/sequencing/data_flat/trimmed/LIB-MJ283-C2_04_R1.fastq.gz	LIB-MJ283-C2_04_R1.fastq.gz	natural_saltwater_sediment	Natural saltwater sediment	7	18	maximise minimum great-circle distance	52.8498368661465	47	P11_2	2019-05-23	55.4941	10.6182	10kmE436N359	1kmE4360N3598	Yes	Sediment	Natural	Saltwater	Fjords	Sandy fjord seabed	odense fjord	1301	SAMN39874168	sandy seabed (sb)	published abundance column; reliable coordinates; first sample_id per habitat-class x 10-km cell; centroid seed then deterministic geographic maximin selection; sample_id tie-break
MFD10233	LIB-MJ283-H5_04.fastq.gz	/projects/microflora_danica/data/sequencing/data_flat/trimmed/LIB-MJ283-H5_04_R1.fastq.gz	LIB-MJ283-H5_04_R1.fastq.gz	natural_saltwater_sediment	Natural saltwater sediment	7	19	maximise minimum great-circle distance	48.5576897217757	47	P11_2	2019-05-28	55.0416	10.2548	10kmE433N354	1kmE4337N3548	Yes	Sediment	Natural	Saltwater	Open sea and tidal areas	Eelgrass coastal seabed	sydfynske øhav	1103	SAMN39874193	c18eb1	published abundance column; reliable coordinates; first sample_id per habitat-class x 10-km cell; centroid seed then deterministic geographic maximin selection; sample_id tie-break
MFD10236	LIB-MJ283-C6_04.fastq.gz	/projects/microflora_danica/data/sequencing/data_flat/trimmed/LIB-MJ283-C6_04_R1.fastq.gz	LIB-MJ283-C6_04_R1.fastq.gz	natural_saltwater_sediment	Natural saltwater sediment	7	20	maximise minimum great-circle distance	44.6646322533878	47	P11_2	2019-05-09	57.5959	9.9574	10kmE431N383	1kmE4318N3832	Yes	Sediment	Natural	Saltwater	Open sea and tidal areas	Rocky coastal seabed	hirtshals	1102	SAMN39874196	rocky seabed (rb)	published abundance column; reliable coordinates; first sample_id per habitat-class x 10-km cell; centroid seed then deterministic geographic maximin selection; sample_id tie-break
MFD10220	LIB-MJ283-C4_04.fastq.gz	/projects/microflora_danica/data/sequencing/data_flat/trimmed/LIB-MJ283-C4_04_R1.fastq.gz	LIB-MJ283-C4_04_R1.fastq.gz	natural_saltwater_sediment	Natural saltwater sediment	7	21	maximise minimum great-circle distance	44.4338158367931	47	P11_2	2019-05-02	56.607	10.2971	10kmE433N372	1kmE4339N3722	Yes	Sediment	Natural	Saltwater	Fjords	Sandy fjord seabed	randers fjord	1301	SAMN39874180	sandy seabed (sb)	published abundance column; reliable coordinates; first sample_id per habitat-class x 10-km cell; centroid seed then deterministic geographic maximin selection; sample_id tie-break
MFD10244	LIB-MJ283-C7_04.fastq.gz	/projects/microflora_danica/data/sequencing/data_flat/trimmed/LIB-MJ283-C7_04_R1.fastq.gz	LIB-MJ283-C7_04_R1.fastq.gz	natural_saltwater_sediment	Natural saltwater sediment	7	22	maximise minimum great-circle distance	40.243331846257	47	P11_2	2019-06-05	55.9672	11.8442	10kmE443N365	1kmE4436N3652	Yes	Sediment	Natural	Saltwater	Open sea and tidal areas	Rocky coastal seabed	hundested	1102	SAMN39874204	rocky seabed (rb)	published abundance column; reliable coordinates; first sample_id per habitat-class x 10-km cell; centroid seed then deterministic geographic maximin selection; sample_id tie-break
MFD10199	LIB-MJ283-D1_04.fastq.gz	/projects/microflora_danica/data/sequencing/data_flat/trimmed/LIB-MJ283-D1_04_R1.fastq.gz	LIB-MJ283-D1_04_R1.fastq.gz	natural_saltwater_sediment	Natural saltwater sediment	7	23	maximise minimum great-circle distance	37.8745777181213	47	P11_2	2019-06-19	55.9967	8.1173	10kmE420N365	1kmE4203N3656	Yes	Sediment	Natural	Saltwater	Open sea and tidal areas	Rocky coastal seabed	hvidesande	1102	SAMN39874162	rocky seabed (rb)	published abundance column; reliable coordinates; first sample_id per habitat-class x 10-km cell; centroid seed then deterministic geographic maximin selection; sample_id tie-break
MFD03539	LIB-MJ109-D8_01_v_LIB-MJ409-E3_01.fastq.gz	/projects/microflora_danica/data/sequencing/data_flat/trimmed/LIB-MJ109-D8_01_v_LIB-MJ409-E3_01_R1.fastq.gz	LIB-MJ109-D8_01_v_LIB-MJ409-E3_01_R1.fastq.gz	natural_saltwater_sediment	Natural saltwater sediment	7	24	maximise minimum great-circle distance	36.2985314543863	47	P11_1	2020-10-09	57.3352	10.5286	10kmE435N380	1kmE4352N3803	Yes	Sediment	Natural	Saltwater	Open sea and tidal areas			1100	SAMN39867952		published abundance column; reliable coordinates; first sample_id per habitat-class x 10-km cell; centroid seed then deterministic geographic maximin selection; sample_id tie-break
MFD10222	LIB-MJ283-E4_04.fastq.gz	/projects/microflora_danica/data/sequencing/data_flat/trimmed/LIB-MJ283-E4_04_R1.fastq.gz	LIB-MJ283-E4_04_R1.fastq.gz	natural_saltwater_sediment	Natural saltwater sediment	7	25	maximise minimum great-circle distance	34.6081006701901	47	P11_2	2019-06-25	55.3465	11.101	10kmE439N358	1kmE4390N3582	Yes	Sediment	Natural	Saltwater	Open sea and tidal areas	Eelgrass coastal seabed	storebælt korsør	1103	SAMN39874182	eelgrass seabed (eb)	published abundance column; reliable coordinates; first sample_id per habitat-class x 10-km cell; centroid seed then deterministic geographic maximin selection; sample_id tie-break
MFD10208	LIB-MJ283-E2_04.fastq.gz	/projects/microflora_danica/data/sequencing/data_flat/trimmed/LIB-MJ283-E2_04_R1.fastq.gz	LIB-MJ283-E2_04_R1.fastq.gz	natural_saltwater_sediment	Natural saltwater sediment	7	26	maximise minimum great-circle distance	31.0075711298547	47	P11_2	2019-06-26	55.133	12.0876	10kmE445N356	1kmE4454N3560	Yes	Sediment	Natural	Saltwater	Fjords	Eelgrass fjord seabed	præstø fjord	1303	SAMN39874170	eelgrass seabed (eb)	published abundance column; reliable coordinates; first sample_id per habitat-class x 10-km cell; centroid seed then deterministic geographic maximin selection; sample_id tie-break
MFD03594	LIB-MJ109-H7_01_v_LIB-MJ409-A3_01.fastq.gz	/projects/microflora_danica/data/sequencing/data_flat/trimmed/LIB-MJ109-H7_01_v_LIB-MJ409-A3_01_R1.fastq.gz	LIB-MJ109-H7_01_v_LIB-MJ409-A3_01_R1.fastq.gz	natural_saltwater_sediment	Natural saltwater sediment	7	27	maximise minimum great-circle distance	30.266056851409	47	P11_1	2020-10-09	57.3626	9.6966	10kmE430N380	1kmE4302N3806	Yes	Sediment	Natural	Saltwater	Open sea and tidal areas			1100	SAMN39867996		published abundance column; reliable coordinates; first sample_id per habitat-class x 10-km cell; centroid seed then deterministic geographic maximin selection; sample_id tie-break
MFD10223	LIB-MJ283-F4_04.fastq.gz	/projects/microflora_danica/data/sequencing/data_flat/trimmed/LIB-MJ283-F4_04_R1.fastq.gz	LIB-MJ283-F4_04_R1.fastq.gz	natural_saltwater_sediment	Natural saltwater sediment	7	28	maximise minimum great-circle distance	29.791170533042	47	P11_2	2019-05-29	54.8803	11.0176	10kmE438N353	1kmE4386N3530	Yes	Sediment	Natural	Saltwater	Open sea and tidal areas	Rocky coastal seabed	tårs	1102	SAMN39874183	rocky seabed (rb)	published abundance column; reliable coordinates; first sample_id per habitat-class x 10-km cell; centroid seed then deterministic geographic maximin selection; sample_id tie-break
MFD10224	LIB-MJ283-G4_04.fastq.gz	/projects/microflora_danica/data/sequencing/data_flat/trimmed/LIB-MJ283-G4_04_R1.fastq.gz	LIB-MJ283-G4_04_R1.fastq.gz	natural_saltwater_sediment	Natural saltwater sediment	7	29	maximise minimum great-circle distance	28.3631064040801	47	P11_2	2019-06-10	55.7492	12.5947	10kmE448N363	1kmE4483N3630	Yes	Sediment	Natural	Saltwater	Open sea and tidal areas	Eelgrass coastal seabed	skovshoved	1103	SAMN39874184	eelgrass seabed (eb)	published abundance column; reliable coordinates; first sample_id per habitat-class x 10-km cell; centroid seed then deterministic geographic maximin selection; sample_id tie-break
MFD10210	LIB-MJ283-G2_04.fastq.gz	/projects/microflora_danica/data/sequencing/data_flat/trimmed/LIB-MJ283-G2_04_R1.fastq.gz	LIB-MJ283-G2_04_R1.fastq.gz	natural_saltwater_sediment	Natural saltwater sediment	7	30	maximise minimum great-circle distance	28.3103236750096	47	P11_2	2019-05-15	56.5503	8.6145	10kmE423N371	1kmE4235N3717	Yes	Sediment	Natural	Saltwater	Fjords	Rocky fjord seabed	venø	1302	SAMN39874172	rocky seabed (rb)	published abundance column; reliable coordinates; first sample_id per habitat-class x 10-km cell; centroid seed then deterministic geographic maximin selection; sample_id tie-break
MFD10209	LIB-MJ283-F2_04.fastq.gz	/projects/microflora_danica/data/sequencing/data_flat/trimmed/LIB-MJ283-F2_04_R1.fastq.gz	LIB-MJ283-F2_04_R1.fastq.gz	natural_saltwater_sediment	Natural saltwater sediment	7	31	maximise minimum great-circle distance	26.9576392527597	47	P11_2	2019-06-13	55.2571	14.8194	10kmE462N358	1kmE4627N3582	Yes	Sediment	Natural	Saltwater	Open sea and tidal areas	Sandy coastal seabed	bornholm nord	1101	SAMN39874171	sandy seabed (sb)	published abundance column; reliable coordinates; first sample_id per habitat-class x 10-km cell; centroid seed then deterministic geographic maximin selection; sample_id tie-break
MFD10211	LIB-MJ283-H2_04.fastq.gz	/projects/microflora_danica/data/sequencing/data_flat/trimmed/LIB-MJ283-H2_04_R1.fastq.gz	LIB-MJ283-H2_04_R1.fastq.gz	natural_saltwater_sediment	Natural saltwater sediment	7	32	maximise minimum great-circle distance	23.7743157314261	47	P11_2	2019-05-22	55.4898	9.728	10kmE430N359	1kmE4303N3598	Yes	Sediment	Natural	Saltwater	Open sea and tidal areas	Rocky coastal seabed	middelfart	1102	SAMN39874173	rocky seabed (rb)	published abundance column; reliable coordinates; first sample_id per habitat-class x 10-km cell; centroid seed then deterministic geographic maximin selection; sample_id tie-break
MFD03548	LIB-MJ109-C7_01_v_LIB-MJ409-D2_01.fastq.gz	/projects/microflora_danica/data/sequencing/data_flat/trimmed/LIB-MJ109-C7_01_v_LIB-MJ409-D2_01_R1.fastq.gz	LIB-MJ109-C7_01_v_LIB-MJ409-D2_01_R1.fastq.gz	natural_saltwater_sediment	Natural saltwater sediment	7	33	maximise minimum great-circle distance	22.8324536048633	47	P11_1	2020-10-09	57.581	10.4256	10kmE434N383	1kmE4346N3831	Yes	Sediment	Natural	Saltwater	Open sea and tidal areas			1100	SAMN39867960		published abundance column; reliable coordinates; first sample_id per habitat-class x 10-km cell; centroid seed then deterministic geographic maximin selection; sample_id tie-break
MFD10288	LIB-MJ284-E1_03.fastq.gz	/projects/microflora_danica/data/sequencing/data_flat/trimmed/LIB-MJ284-E1_03_R1.fastq.gz	LIB-MJ284-E1_03_R1.fastq.gz	natural_saltwater_sediment	Natural saltwater sediment	7	34	maximise minimum great-circle distance	22.5309824197514	47	P11_2	2019-10-29	57.1398	10.4295	10kmE434N378	1kmE4347N3781	Yes	Sediment	Natural	Saltwater	Open sea and tidal areas	Sandy coastal seabed	sæby	1101	SAMN39874246	sandy seabed (sb)	published abundance column; reliable coordinates; first sample_id per habitat-class x 10-km cell; centroid seed then deterministic geographic maximin selection; sample_id tie-break
MFD10215	LIB-MJ283-E3_04.fastq.gz	/projects/microflora_danica/data/sequencing/data_flat/trimmed/LIB-MJ283-E3_04_R1.fastq.gz	LIB-MJ283-E3_04_R1.fastq.gz	natural_saltwater_sediment	Natural saltwater sediment	7	35	maximise minimum great-circle distance	21.1490424614492	47	P11_2	2019-05-13	56.7971	10.286	10kmE433N374	1kmE4338N3743	Yes	Sediment	Natural	Saltwater	Open sea and tidal areas	Sandy coastal seabed	øster hurup	1101	SAMN39874176	sandy seabed (sb)	published abundance column; reliable coordinates; first sample_id per habitat-class x 10-km cell; centroid seed then deterministic geographic maximin selection; sample_id tie-break
MFD10203	LIB-MJ283-H1_04_v_LIB-MJ415-D6_04.fastq.gz	/projects/microflora_danica/data/sequencing/data_flat/trimmed/LIB-MJ283-H1_04_v_LIB-MJ415-D6_04_R1.fastq.gz	LIB-MJ283-H1_04_v_LIB-MJ415-D6_04_R1.fastq.gz	natural_saltwater_sediment	Natural saltwater sediment	7	36	maximise minimum great-circle distance	19.1836598348708	47	P11_2	2019-05-14	56.7128	9.2091	10kmE427N373	1kmE4272N3734	Yes	Sediment	Natural	Saltwater	Fjords	Sandy fjord seabed	hvalpsund	1301	SAMN39874165	sandy seabed (sb)	published abundance column; reliable coordinates; first sample_id per habitat-class x 10-km cell; centroid seed then deterministic geographic maximin selection; sample_id tie-break
MFD10198	LIB-MJ283-C1_04.fastq.gz	/projects/microflora_danica/data/sequencing/data_flat/trimmed/LIB-MJ283-C1_04_R1.fastq.gz	LIB-MJ283-C1_04_R1.fastq.gz	natural_saltwater_sediment	Natural saltwater sediment	7	37	maximise minimum great-circle distance	18.6203067667546	47	P11_2	2019-06-03	55.6835	12.0731	10kmE445N362	1kmE4451N3621	Yes	Sediment	Natural	Saltwater	Fjords	Sandy fjord seabed	roskilde fjord	1301	SAMN39874161	sandy seabed (sb)	published abundance column; reliable coordinates; first sample_id per habitat-class x 10-km cell; centroid seed then deterministic geographic maximin selection; sample_id tie-break
MFD10213	LIB-MJ283-B3_04.fastq.gz	/projects/microflora_danica/data/sequencing/data_flat/trimmed/LIB-MJ283-B3_04_R1.fastq.gz	LIB-MJ283-B3_04_R1.fastq.gz	natural_saltwater_sediment	Natural saltwater sediment	7	38	maximise minimum great-circle distance	15.3250801163171	47	P11_2	2019-05-06	57.0103	9.6347	10kmE429N376	1kmE4298N3767	Yes	Sediment	Natural	Saltwater	Fjords	Sandy fjord seabed	aalborg nibe	1301	SAMN39874175	sandy seabed (sb)	published abundance column; reliable coordinates; first sample_id per habitat-class x 10-km cell; centroid seed then deterministic geographic maximin selection; sample_id tie-break
MFD10205	LIB-MJ283-B2_04.fastq.gz	/projects/microflora_danica/data/sequencing/data_flat/trimmed/LIB-MJ283-B2_04_R1.fastq.gz	LIB-MJ283-B2_04_R1.fastq.gz	natural_saltwater_sediment	Natural saltwater sediment	7	39	maximise minimum great-circle distance	12.4707030202412	47	P11_2	2019-06-19	56.0856	8.2397	10kmE421N366	1kmE4211N3665	Yes	Sediment	Natural	Saltwater	Fjords	Rocky fjord seabed	ringkøbing fjord	1302	SAMN39874167	rocky seabed (rb)	published abundance column; reliable coordinates; first sample_id per habitat-class x 10-km cell; centroid seed then deterministic geographic maximin selection; sample_id tie-break
MFD03536	LIB-MJ109-G8_01_v_LIB-MJ409-H3_01.fastq.gz	/projects/microflora_danica/data/sequencing/data_flat/trimmed/LIB-MJ109-G8_01_v_LIB-MJ409-H3_01_R1.fastq.gz	LIB-MJ109-G8_01_v_LIB-MJ409-H3_01_R1.fastq.gz	natural_saltwater_sediment	Natural saltwater sediment	7	40	maximise minimum great-circle distance	11.2486056193703	47	P11_1	2020-10-09	57.5906	10.1459	10kmE432N383	1kmE4329N3832	Yes	Sediment	Natural	Saltwater	Open sea and tidal areas			1100	SAMN39867949		published abundance column; reliable coordinates; first sample_id per habitat-class x 10-km cell; centroid seed then deterministic geographic maximin selection; sample_id tie-break
MFD02832	LIB-MJ280-F11_02.fastq.gz	/projects/microflora_danica/data/sequencing/data_flat/trimmed/LIB-MJ280-F11_02_R1.fastq.gz	LIB-MJ280-F11_02_R1.fastq.gz	natural_saltwater_sediment	Natural saltwater sediment	7	41	maximise minimum great-circle distance	8.75471279581931	47	P11_1	2020-07-19	55.0538	14.7874	10kmE462N355	1kmE4626N3559	Yes	Sediment	Natural	Saltwater	Open sea and tidal areas			1100	SAMN39867510		published abundance column; reliable coordinates; first sample_id per habitat-class x 10-km cell; centroid seed then deterministic geographic maximin selection; sample_id tie-break
MFD10234	LIB-MJ283-A6_04.fastq.gz	/projects/microflora_danica/data/sequencing/data_flat/trimmed/LIB-MJ283-A6_04_R1.fastq.gz	LIB-MJ283-A6_04_R1.fastq.gz	natural_saltwater_sediment	Natural saltwater sediment	7	42	maximise minimum great-circle distance	8.00161540630282	47	P11_2	2019-05-30	54.919	11.4921	10kmE441N353	1kmE4416N3535	Yes	Sediment	Natural	Saltwater	Open sea and tidal areas	Eelgrass coastal seabed	bandholm	1103	SAMN39874194	eelgrass seabed (eb)	published abundance column; reliable coordinates; first sample_id per habitat-class x 10-km cell; centroid seed then deterministic geographic maximin selection; sample_id tie-break
MFD10267	LIB-MJ283-B10_04.fastq.gz	/projects/microflora_danica/data/sequencing/data_flat/trimmed/LIB-MJ283-B10_04_R1.fastq.gz	LIB-MJ283-B10_04_R1.fastq.gz	natural_saltwater_sediment	Natural saltwater sediment	7	43	maximise minimum great-circle distance	6.31708912027382	47	P11_2	2019-06-18	55.4464	8.4066	10kmE422N359	1kmE4220N3594	Yes	Sediment	Natural	Saltwater	Open sea and tidal areas	Rocky coastal seabed	vadehavet	1102	SAMN39874226	rocky seabed (rb)	published abundance column; reliable coordinates; first sample_id per habitat-class x 10-km cell; centroid seed then deterministic geographic maximin selection; sample_id tie-break
MFD10273	LIB-MJ283-B11_04.fastq.gz	/projects/microflora_danica/data/sequencing/data_flat/trimmed/LIB-MJ283-B11_04_R1.fastq.gz	LIB-MJ283-B11_04_R1.fastq.gz	natural_saltwater_sediment	Natural saltwater sediment	7	44	maximise minimum great-circle distance	3.45572810787667	47	P11_2	2019-05-28	55.0648	10.2187	10kmE433N355	1kmE4334N3551	Yes	Sediment	Natural	Saltwater	Open sea and tidal areas	Sandy coastal seabed	sydfynske øhav	1101	SAMN39874232	sandy seabed (sb)	published abundance column; reliable coordinates; first sample_id per habitat-class x 10-km cell; centroid seed then deterministic geographic maximin selection; sample_id tie-break
MFD10266	LIB-MJ283-A10_04.fastq.gz	/projects/microflora_danica/data/sequencing/data_flat/trimmed/LIB-MJ283-A10_04_R1.fastq.gz	LIB-MJ283-A10_04_R1.fastq.gz	natural_saltwater_sediment	Natural saltwater sediment	7	45	maximise minimum great-circle distance	1.7963058849134	47	P11_2	2019-05-27	56.1388	10.2194	10kmE433N367	1kmE4334N3670	Yes	Sediment	Natural	Saltwater	Open sea and tidal areas	Rocky coastal seabed	aarhus bugten	1102	SAMN39874225	rocky seabed (rb)	published abundance column; reliable coordinates; first sample_id per habitat-class x 10-km cell; centroid seed then deterministic geographic maximin selection; sample_id tie-break
MFD10497	LIB-MJ305-A6_04_v_LIB-MJ410-G11_02.fastq.gz	/projects/microflora_danica/data/sequencing/data_flat/trimmed/LIB-MJ305-A6_04_v_LIB-MJ410-G11_02_R1.fastq.gz	LIB-MJ305-A6_04_v_LIB-MJ410-G11_02_R1.fastq.gz	urban_wastewater_water	Urban wastewater water	8	1	nearest-to-class-centroid seed	0	75	P13_2	2019-11-06	55.9867	10.1586	10kmE433N365	1kmE4330N3653	Yes	Water	Urban	Wastewater	Activated sludge		odder saksild bugt	2200	SAMN39874359	mbndkf plant, 25000 pe capacity, activated sludge, sampled 06-11-2019 to 03-12-2019	published abundance column; reliable coordinates; first sample_id per habitat-class x 10-km cell; centroid seed then deterministic geographic maximin selection; sample_id tie-break
MFD10514	LIB-MJ305-B8_04.fastq.gz	/projects/microflora_danica/data/sequencing/data_flat/trimmed/LIB-MJ305-B8_04_R1.fastq.gz	LIB-MJ305-B8_04_R1.fastq.gz	urban_wastewater_water	Urban wastewater water	8	2	maximise minimum great-circle distance	196.313712389813	75	P13_2	2019-11-25	57.7379	10.5688	10kmE435N384	1kmE4354N3848	Yes	Water	Urban	Wastewater	Activated sludge		skagen	2200	SAMN39874376	mbndk plant, 194000 pe capacity, activated sludge, sampled 25-11-2019 to 06-12-2019	published abundance column; reliable coordinates; first sample_id per habitat-class x 10-km cell; centroid seed then deterministic geographic maximin selection; sample_id tie-break
MFD10523	LIB-MJ305-C9_04.fastq.gz	/projects/microflora_danica/data/sequencing/data_flat/trimmed/LIB-MJ305-C9_04_R1.fastq.gz	LIB-MJ305-C9_04_R1.fastq.gz	urban_wastewater_water	Urban wastewater water	8	3	maximise minimum great-circle distance	182.494170160194	75	P13_2	2019-11-13	54.6979	11.9458	10kmE444N351	1kmE4446N3511	Yes	Water	Urban	Wastewater	Activated sludge		væggerløse	2200	SAMN39874385	mbndk plant, 20000 pe capacity, activated sludge, sampled 13-11-2019 to 05-11-2019	published abundance column; reliable coordinates; first sample_id per habitat-class x 10-km cell; centroid seed then deterministic geographic maximin selection; sample_id tie-break
MFD10520	LIB-MJ305-H8_04.fastq.gz	/projects/microflora_danica/data/sequencing/data_flat/trimmed/LIB-MJ305-H8_04_R1.fastq.gz	LIB-MJ305-H8_04_R1.fastq.gz	urban_wastewater_water	Urban wastewater water	8	4	maximise minimum great-circle distance	144.168386564017	75	P13_2	2019-11-07	54.9218	8.8542	10kmE424N353	1kmE4247N3535	Yes	Water	Urban	Wastewater	Activated sludge		tønder	2200	SAMN39874382	mbndk plant, 27750 pe capacity, activated sludge, sampled 07-11-2019 to 28-11-2019	published abundance column; reliable coordinates; first sample_id per habitat-class x 10-km cell; centroid seed then deterministic geographic maximin selection; sample_id tie-break
MFD10480	LIB-MJ305-H3_04.fastq.gz	/projects/microflora_danica/data/sequencing/data_flat/trimmed/LIB-MJ305-H3_04_R1.fastq.gz	LIB-MJ305-H3_04_R1.fastq.gz	urban_wastewater_water	Urban wastewater water	8	5	maximise minimum great-circle distance	134.328702362148	75	P13_2	2019-11-14	56.1134	12.3099	10kmE446N367	1kmE4464N3670	Yes	Water	Urban	Wastewater	Activated sludge		gilleleje	2200	SAMN39874342	mbndkl plant, 10000 pe capacity, activated sludge, sampled 14-11-2019 to 27-11-2019	published abundance column; reliable coordinates; first sample_id per habitat-class x 10-km cell; centroid seed then deterministic geographic maximin selection; sample_id tie-break
MFD10525	LIB-MJ305-E9_04.fastq.gz	/projects/microflora_danica/data/sequencing/data_flat/trimmed/LIB-MJ305-E9_04_R1.fastq.gz	LIB-MJ305-E9_04_R1.fastq.gz	urban_wastewater_water	Urban wastewater water	8	6	maximise minimum great-circle distance	121.300872900445	75	P13_2	2019-11-18	56.8103	8.8659	10kmE425N374	1kmE4251N3745	Yes	Water	Urban	Wastewater	Activated sludge		østre strand	2200	SAMN39874387	mbndk plant, 125000 pe capacity, activated sludge, sampled 18-11-2019 to 29-11-2019	published abundance column; reliable coordinates; first sample_id per habitat-class x 10-km cell; centroid seed then deterministic geographic maximin selection; sample_id tie-break
MFD10474	LIB-MJ305-H2_04.fastq.gz	/projects/microflora_danica/data/sequencing/data_flat/trimmed/LIB-MJ305-H2_04_R1.fastq.gz	LIB-MJ305-H2_04_R1.fastq.gz	urban_wastewater_water	Urban wastewater water	8	7	maximise minimum great-circle distance	100.548113286392	75	P13_2	2019-11-01	55.0459	10.4152	10kmE434N354	1kmE4347N3549	Yes	Water	Urban	Wastewater	Activated sludge		egebjerg syd	2200	SAMN39874336	mbndkl plant, 18333 pe capacity, activated sludge, sampled 01-11-2019 to 22-11-2019	published abundance column; reliable coordinates; first sample_id per habitat-class x 10-km cell; centroid seed then deterministic geographic maximin selection; sample_id tie-break
MFD10512	LIB-MJ305-H7_04.fastq.gz	/projects/microflora_danica/data/sequencing/data_flat/trimmed/LIB-MJ305-H7_04_R1.fastq.gz	LIB-MJ305-H7_04_R1.fastq.gz	urban_wastewater_water	Urban wastewater water	8	8	maximise minimum great-circle distance	88.7193516932368	75	P13_2	2019-10-17	56.0913	8.24	10kmE421N366	1kmE4211N3666	Yes	Water	Urban	Wastewater	Activated sludge		ringkøbing	2200	SAMN39874374	mbndk plant, 42500 pe capacity, activated sludge, sampled 17-10-2019 to 16-12-2019	published abundance column; reliable coordinates; first sample_id per habitat-class x 10-km cell; centroid seed then deterministic geographic maximin selection; sample_id tie-break
MFD10468	LIB-MJ305-B2_04.fastq.gz	/projects/microflora_danica/data/sequencing/data_flat/trimmed/LIB-MJ305-B2_04_R1.fastq.gz	LIB-MJ305-B2_04_R1.fastq.gz	urban_wastewater_water	Urban wastewater water	8	9	maximise minimum great-circle distance	84.0227357543727	75	P13_2	2019-11-14	55.4319	11.6323	10kmE442N359	1kmE4424N3593	Yes	Water	Urban	Wastewater	Activated sludge		sorø	2200	SAMN39874330	mbndkl plant, 30000 pe capacity, activated sludge	published abundance column; reliable coordinates; first sample_id per habitat-class x 10-km cell; centroid seed then deterministic geographic maximin selection; sample_id tie-break
MFD10465	LIB-MJ305-G1_04.fastq.gz	/projects/microflora_danica/data/sequencing/data_flat/trimmed/LIB-MJ305-G1_04_R1.fastq.gz	LIB-MJ305-G1_04_R1.fastq.gz	urban_wastewater_water	Urban wastewater water	8	10	maximise minimum great-circle distance	76.5366104866017	75	P13_2	2019-10-09	56.7412	10.1158	10kmE432N373	1kmE4328N3737	Yes	Water	Urban	Wastewater	Activated sludge		mariagerfjord	2200	SAMN39874327	mbndk plant, 75000 pe capacity, activated sludge, sampled 24-09-2019 to 27-10-2019	published abundance column; reliable coordinates; first sample_id per habitat-class x 10-km cell; centroid seed then deterministic geographic maximin selection; sample_id tie-break
MFD10493	LIB-MJ305-E5_04.fastq.gz	/projects/microflora_danica/data/sequencing/data_flat/trimmed/LIB-MJ305-E5_04_R1.fastq.gz	LIB-MJ305-E5_04_R1.fastq.gz	urban_wastewater_water	Urban wastewater water	8	11	maximise minimum great-circle distance	67.8903329803664	75	P13_2	2019-11-11	55.4722	9.5748	10kmE429N359	1kmE4294N3596	Yes	Water	Urban	Wastewater	Activated sludge		kolding	2200	SAMN39874355	mbndk plant, 125000 pe capacity, activated sludge, sampled 11-11-2019 to 25-11-2019	published abundance column; reliable coordinates; first sample_id per habitat-class x 10-km cell; centroid seed then deterministic geographic maximin selection; sample_id tie-break
MFD10484	LIB-MJ305-D4_04.fastq.gz	/projects/microflora_danica/data/sequencing/data_flat/trimmed/LIB-MJ305-D4_04_R1.fastq.gz	LIB-MJ305-D4_04_R1.fastq.gz	urban_wastewater_water	Urban wastewater water	8	12	maximise minimum great-circle distance	63.9890640602545	75	P13_2	2019-11-07	55.4584	8.49	10kmE422N359	1kmE4225N3595	Yes	Water	Urban	Wastewater	Activated sludge		esbjerg øst	2200	SAMN39874346	mbndk plant, 120000 pe capacity, activated sludge, sampled 07-11-2019 to 29-11-2019	published abundance column; reliable coordinates; first sample_id per habitat-class x 10-km cell; centroid seed then deterministic geographic maximin selection; sample_id tie-break
MFD10476	LIB-MJ305-B3_04.fastq.gz	/projects/microflora_danica/data/sequencing/data_flat/trimmed/LIB-MJ305-B3_04_R1.fastq.gz	LIB-MJ305-B3_04_R1.fastq.gz	urban_wastewater_water	Urban wastewater water	8	13	maximise minimum great-circle distance	59.3530026940962	75	P13_2	2019-11-04	56.4383	10.914	10kmE437N370	1kmE4377N3704	Yes	Water	Urban	Wastewater	Activated sludge		fornæs	2200	SAMN39874338	mbndk plant, 69704 pe capacity, activated sludge, sampled 04-11-2019 to 25-11-2019	published abundance column; reliable coordinates; first sample_id per habitat-class x 10-km cell; centroid seed then deterministic geographic maximin selection; sample_id tie-break
MFD10486	LIB-MJ305-F4_04.fastq.gz	/projects/microflora_danica/data/sequencing/data_flat/trimmed/LIB-MJ305-F4_04_R1.fastq.gz	LIB-MJ305-F4_04_R1.fastq.gz	urban_wastewater_water	Urban wastewater water	8	14	maximise minimum great-circle distance	58.4332713245672	75	P13_2	2019-11-07	56.3093	9.1537	10kmE426N368	1kmE4268N3689	Yes	Water	Urban	Wastewater	Activated sludge		karup	2200	SAMN39874348	mbndk plant, 15000 pe capacity, activated sludge, sampled 07-11-2019 to 28-11-2019	published abundance column; reliable coordinates; first sample_id per habitat-class x 10-km cell; centroid seed then deterministic geographic maximin selection; sample_id tie-break
MFD10498	LIB-MJ305-B6_04.fastq.gz	/projects/microflora_danica/data/sequencing/data_flat/trimmed/LIB-MJ305-B6_04_R1.fastq.gz	LIB-MJ305-B6_04_R1.fastq.gz	urban_wastewater_water	Urban wastewater water	8	15	maximise minimum great-circle distance	57.6504511426729	75	P13_2	2019-11-07	57.204	9.687	10kmE430N378	1kmE4302N3789	Yes	Water	Urban	Wastewater	Activated sludge		sigsgård	2200	SAMN39874360	mbndk plant, 39900 pe capacity, activated sludge, sampled 07-11-2019 to 04-12-2019	published abundance column; reliable coordinates; first sample_id per habitat-class x 10-km cell; centroid seed then deterministic geographic maximin selection; sample_id tie-break
MFD10502	LIB-MJ305-F6_04.fastq.gz	/projects/microflora_danica/data/sequencing/data_flat/trimmed/LIB-MJ305-F6_04_R1.fastq.gz	LIB-MJ305-F6_04_R1.fastq.gz	urban_wastewater_water	Urban wastewater water	8	16	maximise minimum great-circle distance	51.4967872631612	75	P13_2	2019-11-12	54.8823	9.6605	10kmE429N353	1kmE4299N3530	Yes	Water	Urban	Wastewater	Activated sludge		broager	2200	SAMN39874364	mbndk plant, 10000 pe capacity, activated sludge, sampled 12-11-2019 to 16-12-2019	published abundance column; reliable coordinates; first sample_id per habitat-class x 10-km cell; centroid seed then deterministic geographic maximin selection; sample_id tie-break
MFD10477	LIB-MJ305-D3_04.fastq.gz	/projects/microflora_danica/data/sequencing/data_flat/trimmed/LIB-MJ305-D3_04_R1.fastq.gz	LIB-MJ305-D3_04_R1.fastq.gz	urban_wastewater_water	Urban wastewater water	8	17	maximise minimum great-circle distance	51.3178041591239	75	P13_2	2019-10-30	54.8258	11.1213	10kmE439N352	1kmE4393N3525	Yes	Water	Urban	Wastewater	Activated sludge		lolland vest	2200	SAMN39874339	mbndk plant, 33000 pe capacity, activated sludge, sampled 30-10-2019 to 22-11-2019	published abundance column; reliable coordinates; first sample_id per habitat-class x 10-km cell; centroid seed then deterministic geographic maximin selection; sample_id tie-break
MFD10469	LIB-MJ305-C2_04.fastq.gz	/projects/microflora_danica/data/sequencing/data_flat/trimmed/LIB-MJ305-C2_04_R1.fastq.gz	LIB-MJ305-C2_04_R1.fastq.gz	urban_wastewater_water	Urban wastewater water	8	18	maximise minimum great-circle distance	50.2624884793156	75	P13_2	2019-11-06	55.4746	10.6667	10kmE436N359	1kmE4363N3596	Yes	Water	Urban	Wastewater	Activated sludge		kerteminde	2200	SAMN39874331	mbndk plant, 25000 pe capacity, activated sludge, sampled 06-11-2019 to 19-11-2019	published abundance column; reliable coordinates; first sample_id per habitat-class x 10-km cell; centroid seed then deterministic geographic maximin selection; sample_id tie-break
MFD10518	LIB-MJ305-F8_04.fastq.gz	/projects/microflora_danica/data/sequencing/data_flat/trimmed/LIB-MJ305-F8_04_R1.fastq.gz	LIB-MJ305-F8_04_R1.fastq.gz	urban_wastewater_water	Urban wastewater water	8	19	maximise minimum great-circle distance	49.1308627079031	75	P13_2	2019-11-25	57.2967	10.5244	10kmE435N379	1kmE4352N3799	Yes	Water	Urban	Wastewater	Activated sludge		sæby	2200	SAMN39874380	mbndk plant, 92000 pe capacity, activated sludge, sampled 25-11-2019 to 06-12-2019	published abundance column; reliable coordinates; first sample_id per habitat-class x 10-km cell; centroid seed then deterministic geographic maximin selection; sample_id tie-break
MFD10506	LIB-MJ305-B7_04.fastq.gz	/projects/microflora_danica/data/sequencing/data_flat/trimmed/LIB-MJ305-B7_04_R1.fastq.gz	LIB-MJ305-B7_04_R1.fastq.gz	urban_wastewater_water	Urban wastewater water	8	20	maximise minimum great-circle distance	47.4580584796786	75	P13_2	2019-11-01	55.8475	9.2145	10kmE427N363	1kmE4271N3638	Yes	Water	Urban	Wastewater	Activated sludge		give	2200	SAMN39874368	mbndk plant, 42000 pe capacity, activated sludge, sampled 01-11-2019 to 14-11-2019	published abundance column; reliable coordinates; first sample_id per habitat-class x 10-km cell; centroid seed then deterministic geographic maximin selection; sample_id tie-break
MFD10492	LIB-MJ305-D5_04.fastq.gz	/projects/microflora_danica/data/sequencing/data_flat/trimmed/LIB-MJ305-D5_04_R1.fastq.gz	LIB-MJ305-D5_04_R1.fastq.gz	urban_wastewater_water	Urban wastewater water	8	21	maximise minimum great-circle distance	38.5807117107462	75	P13_2	2019-11-09	57.5774	9.9938	10kmE432N383	1kmE4320N3830	Yes	Water	Urban	Wastewater	Activated sludge		hirtshals	2200	SAMN39874354	mbndk plant, 133000 pe capacity, activated sludge, sampled 09-11-2019 to 03-12-2019	published abundance column; reliable coordinates; first sample_id per habitat-class x 10-km cell; centroid seed then deterministic geographic maximin selection; sample_id tie-break
MFD10466	LIB-MJ410-C11_02.fastq.gz	/projects/microflora_danica/data/sequencing/data_flat/trimmed/LIB-MJ410-C11_02_R1.fastq.gz	LIB-MJ410-C11_02_R1.fastq.gz	urban_wastewater_water	Urban wastewater water	8	22	maximise minimum great-circle distance	36.5196174476084	75	P13_2	2019-10-23	55.2466	12.1091	10kmE445N357	1kmE4455N3573	Yes	Water	Urban	Wastewater	Activated sludge		fakse	2200	SAMN39874328	mbndk plant, 130000 pe capacity, activated sludge, sampled 23-10-2019 to 01-11-2019	published abundance column; reliable coordinates; first sample_id per habitat-class x 10-km cell; centroid seed then deterministic geographic maximin selection; sample_id tie-break
MFD13450	LIB-MJ390-C6_03.fastq.gz	/projects/microflora_danica/data/sequencing/data_flat/trimmed/LIB-MJ390-C6_03_R1.fastq.gz	LIB-MJ390-C6_03_R1.fastq.gz	urban_wastewater_water	Urban wastewater water	8	23	maximise minimum great-circle distance	35.8893069725881	75	P13_2	2019-10-25	55.6485	12.0552	10kmE445N361	1kmE4450N3617	Yes	Water	Urban	Wastewater	Activated sludge		Bjergmarken	2200	SAMN39879032		published abundance column; reliable coordinates; first sample_id per habitat-class x 10-km cell; centroid seed then deterministic geographic maximin selection; sample_id tie-break
MFD10501	LIB-MJ305-E6_04.fastq.gz	/projects/microflora_danica/data/sequencing/data_flat/trimmed/LIB-MJ305-E6_04_R1.fastq.gz	LIB-MJ305-E6_04_R1.fastq.gz	urban_wastewater_water	Urban wastewater water	8	24	maximise minimum great-circle distance	35.5948532557241	75	P13_2	2019-11-13	55.8106	10.6354	10kmE436N363	1kmE4360N3634	Yes	Water	Urban	Wastewater	Activated sludge		ballen	2200	SAMN39874363	mbndk plant, 6700 pe capacity, activated sludge, sampled 13-11-2019 to 06-12-2019	published abundance column; reliable coordinates; first sample_id per habitat-class x 10-km cell; centroid seed then deterministic geographic maximin selection; sample_id tie-break
MFD10491	LIB-MJ305-C5_04.fastq.gz	/projects/microflora_danica/data/sequencing/data_flat/trimmed/LIB-MJ305-C5_04_R1.fastq.gz	LIB-MJ305-C5_04_R1.fastq.gz	urban_wastewater_water	Urban wastewater water	8	25	maximise minimum great-circle distance	35.4412713815168	75	P13_2	2019-10-28	56.8105	9.548	10kmE429N374	1kmE4293N3745	Yes	Water	Urban	Wastewater	Activated sludge		aars	2200	SAMN39874353	mbndkl plant, 105000 pe capacity, activated sludge, sampled 28-10-2019 to 21-11-2019	published abundance column; reliable coordinates; first sample_id per habitat-class x 10-km cell; centroid seed then deterministic geographic maximin selection; sample_id tie-break
MFD10472	LIB-MJ305-F2_04.fastq.gz	/projects/microflora_danica/data/sequencing/data_flat/trimmed/LIB-MJ305-F2_04_R1.fastq.gz	LIB-MJ305-F2_04_R1.fastq.gz	urban_wastewater_water	Urban wastewater water	8	26	maximise minimum great-circle distance	34.4817386926282	75	P13_2	2019-10-21	56.3571	8.601	10kmE423N369	1kmE4234N3695	Yes	Water	Urban	Wastewater	Activated sludge		holstebro	2200	SAMN39874334	mbndk plant, 230000 pe capacity, activated sludge, sampled 21-10-2019 to 15-11-2019	published abundance column; reliable coordinates; first sample_id per habitat-class x 10-km cell; centroid seed then deterministic geographic maximin selection; sample_id tie-break
MFD10464	LIB-MJ305-F1_04.fastq.gz	/projects/microflora_danica/data/sequencing/data_flat/trimmed/LIB-MJ305-F1_04_R1.fastq.gz	LIB-MJ305-F1_04_R1.fastq.gz	urban_wastewater_water	Urban wastewater water	8	27	maximise minimum great-circle distance	33.8771780912604	75	P13_2	2019-10-23	56.1017	9.5546	10kmE429N366	1kmE4293N3666	Yes	Water	Urban	Wastewater	Activated sludge		them	2200	SAMN39874326	mbndk plant, 12500 pe capacity, activated sludge	published abundance column; reliable coordinates; first sample_id per habitat-class x 10-km cell; centroid seed then deterministic geographic maximin selection; sample_id tie-break
MFD10485	LIB-MJ305-E4_04.fastq.gz	/projects/microflora_danica/data/sequencing/data_flat/trimmed/LIB-MJ305-E4_04_R1.fastq.gz	LIB-MJ305-E4_04_R1.fastq.gz	urban_wastewater_water	Urban wastewater water	8	28	maximise minimum great-circle distance	31.5112342314084	75	P13_2	2019-11-06	56.3763	9.6806	10kmE430N369	1kmE4301N3697	Yes	Water	Urban	Wastewater	Activated sludge		bjerringbro	2200	SAMN39874347	mbndk plant, 80000 pe capacity, activated sludge, sampled 06-11-2019 to 02-12-2019	published abundance column; reliable coordinates; first sample_id per habitat-class x 10-km cell; centroid seed then deterministic geographic maximin selection; sample_id tie-break
MFD10510	LIB-MJ305-F7_04.fastq.gz	/projects/microflora_danica/data/sequencing/data_flat/trimmed/LIB-MJ305-F7_04_R1.fastq.gz	LIB-MJ305-F7_04_R1.fastq.gz	urban_wastewater_water	Urban wastewater water	8	29	maximise minimum great-circle distance	29.524716298595	75	P13_2	2020-11-01	55.3263	11.2035	10kmE439N358	1kmE4397N3580	Yes	Water	Urban	Wastewater	Activated sludge		korsør	2200	SAMN39874372	mbndk plant, 50000 pe capacity, activated sludge, sampled 01-11-2020 to 01-12-2020	published abundance column; reliable coordinates; first sample_id per habitat-class x 10-km cell; centroid seed then deterministic geographic maximin selection; sample_id tie-break
MFD10483	LIB-MJ305-C4_04_v_LIB-MJ410-F11_02.fastq.gz	/projects/microflora_danica/data/sequencing/data_flat/trimmed/LIB-MJ305-C4_04_v_LIB-MJ410-F11_02_R1.fastq.gz	LIB-MJ305-C4_04_v_LIB-MJ410-F11_02_R1.fastq.gz	urban_wastewater_water	Urban wastewater water	8	30	maximise minimum great-circle distance	29.2588890071047	75	P13_2	2019-10-20	55.2447	9.3422	10kmE427N357	1kmE4279N3571	Yes	Water	Urban	Wastewater	Activated sludge		vojens	2200	SAMN39874345	mbndks plant, 65000 pe capacity, activated sludge, sampled 20-10-2019 to 13-11-2019	published abundance column; reliable coordinates; first sample_id per habitat-class x 10-km cell; centroid seed then deterministic geographic maximin selection; sample_id tie-break
MFD10526	LIB-MJ305-F9_04.fastq.gz	/projects/microflora_danica/data/sequencing/data_flat/trimmed/LIB-MJ305-F9_04_R1.fastq.gz	LIB-MJ305-F9_04_R1.fastq.gz	urban_wastewater_water	Urban wastewater water	8	31	maximise minimum great-circle distance	28.0693493435234	75	P13_2	2020-01-07	57.0444	10.0473	10kmE432N377	1kmE4323N3771	Yes	Water	Urban	Wastewater	Activated sludge		aalborg øst	2200	SAMN39874388	mbndk plant, 96000 pe capacity, activated sludge, sampled 07-01-2020 to 04-06-2020	published abundance column; reliable coordinates; first sample_id per habitat-class x 10-km cell; centroid seed then deterministic geographic maximin selection; sample_id tie-break
MFD10471	LIB-MJ305-E2_04.fastq.gz	/projects/microflora_danica/data/sequencing/data_flat/trimmed/LIB-MJ305-E2_04_R1.fastq.gz	LIB-MJ305-E2_04_R1.fastq.gz	urban_wastewater_water	Urban wastewater water	8	32	maximise minimum great-circle distance	27.0825083079112	75	P13_2	2019-10-29	54.8265	11.5441	10kmE442N352	1kmE4420N3525	Yes	Water	Urban	Wastewater	Activated sludge		hunseby strand	2200	SAMN39874333	mbndk plant, 40000 pe capacity, activated sludge, sampled 29-10-2019 to 14-11-2019	published abundance column; reliable coordinates; first sample_id per habitat-class x 10-km cell; centroid seed then deterministic geographic maximin selection; sample_id tie-break
MFD10516	LIB-MJ305-D8_04.fastq.gz	/projects/microflora_danica/data/sequencing/data_flat/trimmed/LIB-MJ305-D8_04_R1.fastq.gz	LIB-MJ305-D8_04_R1.fastq.gz	urban_wastewater_water	Urban wastewater water	8	33	maximise minimum great-circle distance	26.1403767052636	75	P13_2	2019-11-07	55.1491	8.7495	10kmE424N356	1kmE4241N3561	Yes	Water	Urban	Wastewater	Activated sludge		skærbæk	2200	SAMN39874378	mbnk plant, 15000 pe capacity, activated sludge, sampled 07-11-2019 to 03-12-2019	published abundance column; reliable coordinates; first sample_id per habitat-class x 10-km cell; centroid seed then deterministic geographic maximin selection; sample_id tie-break
MFD10522	LIB-MJ305-B9_04.fastq.gz	/projects/microflora_danica/data/sequencing/data_flat/trimmed/LIB-MJ305-B9_04_R1.fastq.gz	LIB-MJ305-B9_04_R1.fastq.gz	urban_wastewater_water	Urban wastewater water	8	34	maximise minimum great-circle distance	25.7667682887908	75	P13_2	2019-11-04	55.704	9.538	10kmE429N362	1kmE4291N3622	Yes	Water	Urban	Wastewater	Activated sludge		vejle	2200	SAMN39874384	mbndk plant, 170000 pe capacity, activated sludge, sampled 04-11-2019 to 27-11-2019	published abundance column; reliable coordinates; first sample_id per habitat-class x 10-km cell; centroid seed then deterministic geographic maximin selection; sample_id tie-break
MFD10459	LIB-MJ305-A1_04.fastq.gz	/projects/microflora_danica/data/sequencing/data_flat/trimmed/LIB-MJ305-A1_04_R1.fastq.gz	LIB-MJ305-A1_04_R1.fastq.gz	urban_wastewater_water	Urban wastewater water	8	35	maximise minimum great-circle distance	25.7272054586606	75	P13_2	2019-09-16	56.2133	10.2424	10kmE433N367	1kmE4336N3678	Yes	Water	Urban	Wastewater	Activated sludge		egå	2200	SAMN39874321	mbndkf plant, 120000 pe capacity, activated sludge	published abundance column; reliable coordinates; first sample_id per habitat-class x 10-km cell; centroid seed then deterministic geographic maximin selection; sample_id tie-break
MFD10509	LIB-MJ305-E7_04.fastq.gz	/projects/microflora_danica/data/sequencing/data_flat/trimmed/LIB-MJ305-E7_04_R1.fastq.gz	LIB-MJ305-E7_04_R1.fastq.gz	urban_wastewater_water	Urban wastewater water	8	36	maximise minimum great-circle distance	25.5329978498318	75	P13_2	2019-11-11	54.8952	10.0591	10kmE432N353	1kmE4324N3532	Yes	Water	Urban	Wastewater	Activated sludge		hummelvig	2200	SAMN39874371	mbndk plant, 5000 pe capacity, activated sludge, sampled 11-11-2019 to 11-12-2019	published abundance column; reliable coordinates; first sample_id per habitat-class x 10-km cell; centroid seed then deterministic geographic maximin selection; sample_id tie-break
MFD13444	LIB-MJ390-A7_03.fastq.gz	/projects/microflora_danica/data/sequencing/data_flat/trimmed/LIB-MJ390-A7_03_R1.fastq.gz	LIB-MJ390-A7_03_R1.fastq.gz	urban_wastewater_water	Urban wastewater water	8	37	maximise minimum great-circle distance	25.4167102290866	75	P13_2	2019-10-15	56.4686	10.0587	10kmE432N370	1kmE4324N3707	Yes	Water	Urban	Wastewater	Activated sludge		Randers	2200	SAMN39879038		published abundance column; reliable coordinates; first sample_id per habitat-class x 10-km cell; centroid seed then deterministic geographic maximin selection; sample_id tie-break
MFD10489	LIB-MJ305-A5_04.fastq.gz	/projects/microflora_danica/data/sequencing/data_flat/trimmed/LIB-MJ305-A5_04_R1.fastq.gz	LIB-MJ305-A5_04_R1.fastq.gz	urban_wastewater_water	Urban wastewater water	8	38	maximise minimum great-circle distance	24.5001558941483	75	P13_2	2019-10-30	56.9702	9.2701	10kmE427N376	1kmE4276N3763	Yes	Water	Urban	Wastewater	Activated sludge		løgstør	2200	SAMN39874351	mbndkl plant, 73000 pe capacity, activated sludge, sampled 30-10-2019 to 20-11-2019	published abundance column; reliable coordinates; first sample_id per habitat-class x 10-km cell; centroid seed then deterministic geographic maximin selection; sample_id tie-break
MFD10496	LIB-MJ305-H5_04.fastq.gz	/projects/microflora_danica/data/sequencing/data_flat/trimmed/LIB-MJ305-H5_04_R1.fastq.gz	LIB-MJ305-H5_04_R1.fastq.gz	urban_wastewater_water	Urban wastewater water	8	39	maximise minimum great-circle distance	23.9668319994074	75	P13_2	2019-11-06	55.855	9.8541	10kmE431N363	1kmE4311N3638	Yes	Water	Urban	Wastewater	Activated sludge		horsens	2200	SAMN39874358	mbndk plant, 210000 pe capacity, activated sludge, sampled 06-11-2019 to 03-12-2019	published abundance column; reliable coordinates; first sample_id per habitat-class x 10-km cell; centroid seed then deterministic geographic maximin selection; sample_id tie-break
MFD10460	LIB-MJ305-B1_04.fastq.gz	/projects/microflora_danica/data/sequencing/data_flat/trimmed/LIB-MJ305-B1_04_R1.fastq.gz	LIB-MJ305-B1_04_R1.fastq.gz	urban_wastewater_water	Urban wastewater water	8	40	maximise minimum great-circle distance	23.8832274769986	75	P13_2	2019-10-09	55.7675	8.8598	10kmE424N362	1kmE4249N3629	Yes	Water	Urban	Wastewater	Activated sludge		billund	2200	SAMN39874322	mbndkl plant, 70000 pe capacity, activated sludge	published abundance column; reliable coordinates; first sample_id per habitat-class x 10-km cell; centroid seed then deterministic geographic maximin selection; sample_id tie-break
MFD10470	LIB-MJ305-D2_04.fastq.gz	/projects/microflora_danica/data/sequencing/data_flat/trimmed/LIB-MJ305-D2_04_R1.fastq.gz	LIB-MJ305-D2_04_R1.fastq.gz	urban_wastewater_water	Urban wastewater water	8	41	maximise minimum great-circle distance	22.8319016122105	75	P13_2	2019-10-29	54.6512	11.3589	10kmE440N350	1kmE4408N3505	Yes	Water	Urban	Wastewater	Activated sludge		rødbyhavn	2200	SAMN39874332	mbndk plant, 15828 pe capacity, activated sludge, sampled 29-10-2019 to 13-11-2019	published abundance column; reliable coordinates; first sample_id per habitat-class x 10-km cell; centroid seed then deterministic geographic maximin selection; sample_id tie-break
MFD10524	LIB-MJ305-D9_04.fastq.gz	/projects/microflora_danica/data/sequencing/data_flat/trimmed/LIB-MJ305-D9_04_R1.fastq.gz	LIB-MJ305-D9_04_R1.fastq.gz	urban_wastewater_water	Urban wastewater water	8	42	maximise minimum great-circle distance	22.7408695379116	75	P13_2	2019-11-12	55.2701	10.6626	10kmE436N357	1kmE4363N3574	Yes	Water	Urban	Wastewater	Activated sludge		ørbæk	2200	SAMN39874386	mbndk plant, 28000 pe capacity, activated sludge, sampled 12-11-2019 to 06-12-2019	published abundance column; reliable coordinates; first sample_id per habitat-class x 10-km cell; centroid seed then deterministic geographic maximin selection; sample_id tie-break
MFD10521	LIB-MJ305-A9_04.fastq.gz	/projects/microflora_danica/data/sequencing/data_flat/trimmed/LIB-MJ305-A9_04_R1.fastq.gz	LIB-MJ305-A9_04_R1.fastq.gz	urban_wastewater_water	Urban wastewater water	8	43	maximise minimum great-circle distance	21.6988003825004	75	P13_2	2019-11-13	54.893	11.9388	10kmE444N353	1kmE4445N3533	Yes	Water	Urban	Wastewater	Activated sludge		tårup	2200	SAMN39874383	mbndk plant, 7000 pe capacity, activated sludge, sampled 13-11-2019 to 05-12-2019	published abundance column; reliable coordinates; first sample_id per habitat-class x 10-km cell; centroid seed then deterministic geographic maximin selection; sample_id tie-break
MFD13439	LIB-MJ390-F7_03.fastq.gz	/projects/microflora_danica/data/sequencing/data_flat/trimmed/LIB-MJ390-F7_03_R1.fastq.gz	LIB-MJ390-F7_03_R1.fastq.gz	urban_wastewater_water	Urban wastewater water	8	44	maximise minimum great-circle distance	21.2730236733021	75	P13_2	2019-10-24	56.4694	9.3429	10kmE428N370	1kmE4280N3707	Yes	Water	Urban	Wastewater	Activated sludge		Viborg	2200	SAMN39879043		published abundance column; reliable coordinates; first sample_id per habitat-class x 10-km cell; centroid seed then deterministic geographic maximin selection; sample_id tie-break
MFD10507	LIB-MJ305-C7_04.fastq.gz	/projects/microflora_danica/data/sequencing/data_flat/trimmed/LIB-MJ305-C7_04_R1.fastq.gz	LIB-MJ305-C7_04_R1.fastq.gz	urban_wastewater_water	Urban wastewater water	8	45	maximise minimum great-circle distance	21.2577487776321	75	P13_2	2019-11-11	55.0416	9.8446	10kmE431N354	1kmE4311N3548	Yes	Water	Urban	Wastewater	Activated sludge		himmark	2200	SAMN39874369	mbndk plant, 15000 pe capacity, activated sludge, sampled 11-11-2019 to 11-12-2019	published abundance column; reliable coordinates; first sample_id per habitat-class x 10-km cell; centroid seed then deterministic geographic maximin selection; sample_id tie-break
